レースコード,タイトル,日次,レース日,レース場,レース回,レース名,距離(m),電話投票締切予定,1枠_艇番,1枠_登録番号,1枠_選手名,1枠_年齢,1枠_支部,1枠_体重,1枠_級別,1枠_全国勝率,1枠_全国2連対率,1枠_当地勝率,1枠_当地2連対率,1枠_モーター番号,1枠_モーター2連対率,1枠_ボート番号,1枠_ボート2連対率,1枠_今節成績_1-1,1枠_今節成績_1-2,1枠_今節成績_2-1,1枠_今節成績_2-2,1枠_今節成績_3-1,1枠_今節成績_3-2,1枠_今節成績_4-1,1枠_今節成績_4-2,1枠_今節成績_5-1,1枠_今節成績_5-2,1枠_今節成績_6-1,1枠_今節成績_6-2,1枠_早見,2枠_艇番,2枠_登録番号,2枠_選手名,2枠_年齢,2枠_支部,2枠_体重,2枠_級別,2枠_全国勝率,2枠_全国2連対率,2枠_当地勝率,2枠_当地2連対率,2枠_モーター番号,2枠_モーター2連対率,2枠_ボート番号,2枠_ボート2連対率,2枠_今節成績_1-1,2枠_今節成績_1-2,2枠_今節成績_2-1,2枠_今節成績_2-2,2枠_今節成績_3-1,2枠_今節成績_3-2,2枠_今節成績_4-1,2枠_今節成績_4-2,2枠_今節成績_5-1,2枠_今節成績_5-2,2枠_今節成績_6-1,2枠_今節成績_6-2,2枠_早見,3枠_艇番,3枠_登録番号,3枠_選手名,3枠_年齢,3枠_支部,3枠_体重,3枠_級別,3枠_全国勝率,3枠_全国2連対率,3枠_当地勝率,3枠_当地2連対率,3枠_モーター番号,3枠_モーター2連対率,3枠_ボート番号,3枠_ボート2連対率,3枠_今節成績_1-1,3枠_今節成績_1-2,3枠_今節成績_2-1,3枠_今節成績_2-2,3枠_今節成績_3-1,3枠_今節成績_3-2,3枠_今節成績_4-1,3枠_今節成績_4-2,3枠_今節成績_5-1,3枠_今節成績_5-2,3枠_今節成績_6-1,3枠_今節成績_6-2,3枠_早見,4枠_艇番,4枠_登録番号,4枠_選手名,4枠_年齢,4枠_支部,4枠_体重,4枠_級別,4枠_全国勝率,4枠_全国2連対率,4枠_当地勝率,4枠_当地2連対率,4枠_モーター番号,4枠_モーター2連対率,4枠_ボート番号,4枠_ボート2連対率,4枠_今節成績_1-1,4枠_今節成績_1-2,4枠_今節成績_2-1,4枠_今節成績_2-2,4枠_今節成績_3-1,4枠_今節成績_3-2,4枠_今節成績_4-1,4枠_今節成績_4-2,4枠_今節成績_5-1,4枠_今節成績_5-2,4枠_今節成績_6-1,4枠_今節成績_6-2,4枠_早見,5枠_艇番,5枠_登録番号,5枠_選手名,5枠_年齢,5枠_支部,5枠_体重,5枠_級別,5枠_全国勝率,5枠_全国2連対率,5枠_当地勝率,5枠_当地2連対率,5枠_モーター番号,5枠_モーター2連対率,5枠_ボート番号,5枠_ボート2連対率,5枠_今節成績_1-1,5枠_今節成績_1-2,5枠_今節成績_2-1,5枠_今節成績_2-2,5枠_今節成績_3-1,5枠_今節成績_3-2,5枠_今節成績_4-1,5枠_今節成績_4-2,5枠_今節成績_5-1,5枠_今節成績_5-2,5枠_今節成績_6-1,5枠_今節成績_6-2,5枠_早見,6枠_艇番,6枠_登録番号,6枠_選手名,6枠_年齢,6枠_支部,6枠_体重,6枠_級別,6枠_全国勝率,6枠_全国2連対率,6枠_当地勝率,6枠_当地2連対率,6枠_モーター番号,6枠_モーター2連対率,6枠_ボート番号,6枠_ボート2連対率,6枠_今節成績_1-1,6枠_今節成績_1-2,6枠_今節成績_2-1,6枠_今節成績_2-2,6枠_今節成績_3-1,6枠_今節成績_3-2,6枠_今節成績_4-1,6枠_今節成績_4-2,6枠_今節成績_5-1,6枠_今節成績_5-2,6枠_今節成績_6-1,6枠_今節成績_6-2,6枠_早見
201704132201,１Ｒ  予選          Ｈ１８００ｍ  電話投票締切予定０８：５６,第1日,2017-04-13,ボートレース芦屋,1R,予選,1800,08:56,1,3505,山田竜一,46,東京,52.0,A1,6.34,44.74,5.1,40.0,40,39.11,12,,1,2,,,,,,,,,,,,2,4315,山崎昂介,32,長崎,52.0,B1,4.28,19.1,4.06,16.67,60,34.83,34,,8,,,,,,,,,,,,,3,3776,横井健太,41,愛知,52.0,B1,4.99,28.57,4.25,18.75,4,34.91,63,,9,,,,,,,,,,,,,4,4474,渡辺 崇,29,福岡,56.0,B1,4.59,26.72,3.51,12.5,55,29.76,37,,7,,,,,,,,,,,,,5,4169,多田有佑,34,東京,57.0,B1,3.94,21.69,4.2,20.0,1,36.68,30,,5,,,,,,,,,,,,,6,3701,大西隆洋,44,香川,58.0,B1,4.3,25.77,4.43,28.57,26,34.16,51,,1,0,,,,,,,,,,,
201704132202,１Ｒ  予選          Ｈ１８００ｍ  電話投票締切予定０８：５６,第1日,2017-04-13,ボートレース芦屋,2R,予選,1800,09:25,1,4450,平高奈菜,29,香川,45.0,A1,6.91,52.03,6.44,38.89,22,31.28,35,,1,1,,,,,,,,,,,,2,3518,倉田郁美,49,静岡,48.0,B1,6.2,42.86,5.49,34.88,21,34.48,44,,,,,,,,,,,,,,,3,4349,犬童千秋,31,福岡,50.0,B1,5.01,31.18,6.67,52.38,24,42.86,69,,7,,,,,,,,,,,,,4,4823,中村桃佳,24,香川,44.0,A1,5.63,36.59,6.24,47.06,44,31.98,20,,1,2,,,,,,,,,,,,5,4317,木村沙友,32,静岡,49.0,B1,4.08,19.23,6.64,54.55,47,27.6,50,,,,,,,,,,,,,,,6,4642,松尾夏海,25,徳島,51.0,B1,4.59,28.57,5.2,35.0,5,30.77,28,,9,,,,,,,,,,,,
201704132203,１Ｒ  予選          Ｈ１８００ｍ  電話投票締切予定０８：５６,第1日,2017-04-13,ボートレース芦屋,3R,予選,1800,09:54,1,3747,國崎良春,42,福岡,52.0,A2,6.43,50.39,6.91,53.73,52,38.07,66,,9,,,,,,,,,,,,,2,3588,新藤哲三,43,静岡,58.0,B1,4.37,24.47,,,41,33.49,13,,8,,,,,,,,,,,,,3,4460,後藤翔之,31,東京,52.0,A1,6.52,46.83,6.11,44.68,36,37.78,32,,1,2,,,,,,,,,,,,4,3932,池田浩美,40,静岡,49.0,B1,5.47,41.28,5.65,45.0,15,29.5,45,,7,,,,,,,,,,,,,5,3645,淺田千亜,44,徳島,47.0,A1,6.08,45.05,,,29,43.13,68,,8,,,,,,,,,,,,,6,4196,田中太一,35,佐賀,51.0,B1,5.27,36.46,5.43,39.34,13,34.42,61,,,,,,,,,,,,,,
201704132204,１Ｒ  予選          Ｈ１８００ｍ  電話投票締切予定０８：５６,第1日,2017-04-13,ボートレース芦屋,4R,予選 進入固定 Ｈ１８０,ｍ電,10:26,1,4096,石橋道友,35,長崎,53.0,A1,6.64,43.64,7.0,56.25,32,30.58,29,,1,2,,,,,,,,,,,,2,3823,本部真吾,44,三重,55.0,A2,5.6,39.66,5.65,41.18,34,27.8,17,,1,1,,,,,,,,,,,,3,3662,大庭元明,47,福岡,55.0,A2,6.09,48.72,6.23,47.1,25,23.91,36,,9,,,,,,,,,,,,,4,4156,浜野孝志,36,三重,55.0,A2,6.22,49.15,4.67,27.78,31,23.96,33,,1,0,,,,,,,,,,,,5,3708,岡部貴司,42,岡山,54.0,A2,5.93,41.46,5.29,38.24,6,32.81,47,,1,1,,,,,,,,,,,,6,4631,新井英孝,29,大阪,52.0,B1,5.17,35.21,6.13,50.0,2,38.57,53,,,,,,,,,,,,,,
201704132205,１Ｒ  予選          Ｈ１８００ｍ  電話投票締切予定０８：５６,第1日,2017-04-13,ボートレース芦屋,5R,予選,1800,10:57,1,3834,細川明人,42,岡山,54.0,A2,5.63,42.31,5.47,36.84,49,34.29,49,,1,0,,,,,,,,,,,,2,3854,吉川元浩,44,兵庫,50.0,A1,8.35,72.73,7.4,65.0,3,43.18,65,,1,2,,,,,,,,,,,,3,4169,多田有佑,34,東京,57.0,B1,3.94,21.69,4.2,20.0,1,36.68,30,,1,,,,,,,,,,,,,4,3804,中渡修作,43,福岡,53.0,B1,4.88,26.14,4.51,26.23,46,32.72,18,,,,,,,,,,,,,,,5,3596,河上年昭,47,埼玉,55.0,B1,4.86,21.69,5.83,50.0,9,41.96,54,,,,,,,,,,,,,,,6,3392,小森信雄,51,三重,51.0,B1,4.5,22.22,3.68,16.0,18,27.98,67,,9,,,,,,,,,,,,
201704132206,１Ｒ  予選          Ｈ１８００ｍ  電話投票締切予定０８：５６,第1日,2017-04-13,ボートレース芦屋,6R,予選,1800,11:26,1,4718,北川太一,24,佐賀,49.0,A2,5.6,38.1,4.37,18.52,33,39.52,11,,1,0,,,,,,,,,,,,2,4216,星 栄爾,31,静岡,52.0,A1,6.2,40.21,5.93,46.43,39,35.0,15,,1,2,,,,,,,,,,,,3,3726,桂林 寛,45,福岡,51.0,A2,5.89,44.37,5.99,42.86,10,36.41,38,,1,1,,,,,,,,,,,,4,3452,吉田徳夫,46,愛知,53.0,A2,5.01,28.09,6.13,50.0,53,27.36,64,,,,,,,,,,,,,,,5,4342,谷野錬志,32,静岡,51.0,A2,6.73,53.23,6.7,47.83,51,43.52,16,,1,1,,,,,,,,,,,,6,4319,三宅 潤,32,大阪,53.0,A2,5.97,42.24,,,11,39.52,19,,1,0,,,,,,,,,,,
201704132207,１Ｒ  予選          Ｈ１８００ｍ  電話投票締切予定０８：５６,第1日,2017-04-13,ボートレース芦屋,7R,予選 進入固定 Ｈ１８０,ｍ電,11:55,1,3932,池田浩美,40,静岡,49.0,B1,5.47,41.28,5.65,45.0,15,29.5,45,,3,,,,,,,,,,,,,2,4474,渡辺 崇,29,福岡,56.0,B1,4.59,26.72,3.51,12.5,55,29.76,37,,1,,,,,,,,,,,,,3,3064,山崎昭生,57,香川,51.0,B1,5.85,43.27,5.11,34.21,38,37.44,46,,,,,,,,,,,,,,,4,4349,犬童千秋,31,福岡,50.0,B1,5.01,31.18,6.67,52.38,24,42.86,69,,2,,,,,,,,,,,,,5,4615,板倉敦史,36,東京,53.0,B1,3.73,11.25,4.93,20.0,54,38.27,14,,,,,,,,,,,,,,,6,4162,竹本太樹,35,大阪,53.0,B1,4.26,23.17,7.32,57.89,20,38.73,62,,,,,,,,,,,,,,
201704132208,１Ｒ  予選          Ｈ１８００ｍ  電話投票締切予定０８：５６,第1日,2017-04-13,ボートレース芦屋,8R,予選,1800,12:26,1,3645,淺田千亜,44,徳島,47.0,A1,6.08,45.05,,,29,43.13,68,,3,,,,,,,,,,,,,2,2816,陶山秀徳,64,福岡,52.0,B1,5.01,23.86,4.8,27.27,43,31.16,48,,,,,,,,,,,,,,,3,4258,関根彰人,33,埼玉,51.0,A2,5.55,38.21,6.15,45.0,16,33.8,60,,1,1,,,,,,,,,,,,4,3588,新藤哲三,43,静岡,58.0,B1,4.37,24.47,,,41,33.49,13,,3,,,,,,,,,,,,,5,4315,山崎昂介,32,長崎,52.0,B1,4.28,19.1,4.06,16.67,60,34.83,34,,1,,,,,,,,,,,,,6,3827,今泉 徹,43,群馬,52.0,B1,4.06,13.58,,,48,45.09,31,,,,,,,,,,,,,,
201704132209,１Ｒ  予選          Ｈ１８００ｍ  電話投票締切予定０８：５６,第1日,2017-04-13,ボートレース芦屋,9R,予選,1800,12:57,1,3662,大庭元明,47,福岡,55.0,A2,6.09,48.72,6.23,47.1,25,23.91,36,,4,,,,,,,,,,,,,2,3392,小森信雄,51,三重,51.0,B1,4.5,22.22,3.68,16.0,18,27.98,67,,5,,,,,,,,,,,,,3,4642,松尾夏海,25,徳島,51.0,B1,4.59,28.57,5.2,35.0,5,30.77,28,,2,,,,,,,,,,,,,4,3776,横井健太,41,愛知,52.0,B1,4.99,28.57,4.25,18.75,4,34.91,63,,1,,,,,,,,,,,,,5,3747,國崎良春,42,福岡,52.0,A2,6.43,50.39,6.91,53.73,52,38.07,66,,3,,,,,,,,,,,,,6,4654,篠田優也,30,兵庫,53.0,B1,4.95,30.86,4.67,11.11,30,27.13,52,,,,,,,,,,,,,,
201704132210,１Ｒ  予選          Ｈ１８００ｍ  電話投票締切予定０８：５６,第1日,2017-04-13,ボートレース芦屋,10R,特賞,1800,13:32,1,3970,亀山高雅,40,群馬,51.0,A2,5.21,29.91,5.1,30.0,50,28.86,21,,,,,,,,,,,,,,,2,3701,大西隆洋,44,香川,58.0,B1,4.3,25.77,4.43,28.57,26,34.16,51,,1,,,,,,,,,,,,,3,4319,三宅 潤,32,大阪,53.0,A2,5.97,42.24,,,11,39.52,19,,6,,,,,,,,,,,,,4,3834,細川明人,42,岡山,54.0,A2,5.63,42.31,5.47,36.84,49,34.29,49,,5,,,,,,,,,,,,,5,4718,北川太一,24,佐賀,49.0,A2,5.6,38.1,4.37,18.52,33,39.52,11,,6,,,,,,,,,,,,,6,4156,浜野孝志,36,三重,55.0,A2,6.22,49.15,4.67,27.78,31,23.96,33,,4,,,,,,,,,,,,
201704132211,１Ｒ  予選          Ｈ１８００ｍ  電話投票締切予定０８：５６,第1日,2017-04-13,ボートレース芦屋,11R,特選,1800,14:09,1,4342,谷野錬志,32,静岡,51.0,A2,6.73,53.23,6.7,47.83,51,43.52,16,,6,,,,,,,,,,,,,2,3708,岡部貴司,42,岡山,54.0,A2,5.93,41.46,5.29,38.24,6,32.81,47,,4,,,,,,,,,,,,,3,4450,平高奈菜,29,香川,45.0,A1,6.91,52.03,6.44,38.89,22,31.28,35,,2,,,,,,,,,,,,,4,3726,桂林 寛,45,福岡,51.0,A2,5.89,44.37,5.99,42.86,10,36.41,38,,6,,,,,,,,,,,,,5,4258,関根彰人,33,埼玉,51.0,A2,5.55,38.21,6.15,45.0,16,33.8,60,,8,,,,,,,,,,,,,6,3823,本部真吾,44,三重,55.0,A2,5.6,39.66,5.65,41.18,34,27.8,17,,4,,,,,,,,,,,,
201704132212,１Ｒ  予選          Ｈ１８００ｍ  電話投票締切予定０８：５６,第1日,2017-04-13,ボートレース芦屋,12R,ドリームレー,1800,14:49,1,3854,吉川元浩,44,兵庫,50.0,A1,8.35,72.73,7.4,65.0,3,43.18,65,,5,,,,,,,,,,,,,2,3505,山田竜一,46,東京,52.0,A1,6.34,44.74,5.1,40.0,40,39.11,12,,1,,,,,,,,,,,,,3,4096,石橋道友,35,長崎,53.0,A1,6.64,43.64,7.0,56.25,32,30.58,29,,4,,,,,,,,,,,,,4,4216,星 栄爾,31,静岡,52.0,A1,6.2,40.21,5.93,46.43,39,35.0,15,,6,,,,,,,,,,,,,5,4460,後藤翔之,31,東京,52.0,A1,6.52,46.83,6.11,44.68,36,37.78,32,,3,,,,,,,,,,,,,6,4823,中村桃佳,24,香川,44.0,A1,5.63,36.59,6.24,47.06,44,31.98,20,,2,,,,,,,,,,,,
201704132101,Ｇ３ビートル杯,第3日,2017-04-13,ボートレース若松,1R,予選,1800,15:19,1,3773,津留浩一,42,長崎,56.0,B1,5.64,35.42,6.44,50.0,64,36.51,42,39.55,5,4,6,,,,6,,,,,,,2,4676,後藤隼之,29,東京,55.0,B1,6.01,40.2,5.33,33.33,48,30.77,74,31.18,2,6,5,,,,5,,,,,,,3,4353,下出秀明,29,福井,58.0,B1,5.2,34.74,4.53,23.33,43,39.24,16,35.52,6,,,,,,5,4,,,,,,4,4580,長谷川雅,27,岡山,51.0,B1,5.32,29.79,4.6,26.67,54,34.62,53,39.88,5,5,1,,,,7,,,,,,,5,3445,加藤高史,47,埼玉,54.0,B1,6.61,51.75,4.89,27.78,2,39.47,64,36.46,6,3,1,,,,1,0,,,,,,6,3855,大熊辰弥,44,香川,52.0,B1,5.25,31.03,4.17,20.0,38,36.84,21,29.63,1,,,,,,6,6,,,,,
201704132102,Ｇ３ビートル杯,第3日,2017-04-13,ボートレース若松,2R,予選,1800,15:47,1,3877,松浦博人,40,東京,56.0,B1,5.53,35.48,4.29,17.65,44,49.37,51,32.89,4,,,,,,6,4,,,,,,2,3697,勝野竜司,44,兵庫,52.0,B1,5.88,40.26,7.25,60.0,36,34.57,47,34.48,1,4,4,,,,9,,,,,,,3,4122,安東幸治,35,福岡,56.0,A2,5.59,37.5,6.24,44.0,31,39.19,45,31.4,3,1,2,,,,7,,,,,,,4,4015,前野竜一,37,山口,61.0,A1,6.05,36.84,5.75,33.33,59,42.86,43,27.16,1,,,,,,2,5,,,,,8,5,3670,古澤信二,45,福岡,56.0,B1,5.25,32.2,5.06,37.14,21,30.95,56,32.57,1,2,2,,,,1,1,,,,,,6,4034,西原明生,38,香川,54.0,B1,5.11,31.76,4.13,10.0,45,28.95,41,32.24,1,,,,,,6,1,,,,,
201704132103,Ｇ３ビートル杯,第3日,2017-04-13,ボートレース若松,3R,予選,1800,16:15,1,3220,二橋 学,53,静岡,50.0,B1,5.22,24.36,4.22,,20,30.26,61,38.5,5,6,3,,,,9,,,,,,,2,3630,黒田誠司,47,静岡,52.0,B1,4.67,26.97,,,52,42.11,67,34.78,5,,,,,,4,5,,,,,8,3,4558,宮野 仁,27,岡山,55.0,B1,4.76,21.62,3.28,,14,50.0,19,37.36,6,,,,,,5,5,,,,,,4,4571,菅 章哉,28,徳島,52.0,A2,5.62,39.64,6.0,41.67,32,30.56,29,33.89,4,2,1,,,,1,1,,,,,,5,4448,青木玄太,30,滋賀,49.0,A2,6.51,49.02,6.84,52.63,37,31.58,25,35.59,2,4,2,,,,1,0,,,,,,6,4607,鶴田勇雄,28,福岡,52.0,B1,6.1,38.24,5.02,25.53,53,60.0,35,39.33,2,3,1,,,,1,2,,,,,
201704132104,Ｇ３ビートル杯,第3日,2017-04-13,ボートレース若松,4R,予選,1800,16:43,1,4498,宮本夏樹,29,長崎,51.0,B1,5.87,41.41,4.73,30.0,58,36.36,30,34.78,6,1,3,,,,1,1,,,,,,2,3781,秋元 誠,41,福井,55.0,B1,5.12,33.78,,,23,29.41,26,33.73,5,,,,,,4,5,,,,,,3,4378,川下晃司,32,広島,53.0,A1,6.12,42.98,6.13,40.0,7,50.0,44,39.41,3,6,4,6,,,1,0,,,,,,4,4009,小林一樹,37,山口,57.0,A2,5.34,32.48,6.04,41.67,40,35.53,18,38.64,5,5,3,,,,9,,,,,,,5,4472,尾嶋一広,29,兵庫,55.0,A1,6.78,55.81,5.55,45.0,24,37.97,69,34.29,3,1,4,5,,,1,2,,,,,,6,3703,鳥飼 眞,43,福岡,51.0,A1,6.74,50.51,6.58,42.11,25,31.51,13,35.26,4,3,1,2,,,,,,,,,
201704132105,Ｇ３ビートル杯,第3日,2017-04-13,ボートレース若松,5R,予選,1800,17:08,1,4146,柳橋宏紀,35,滋賀,52.0,A2,4.91,28.18,3.11,,13,33.33,68,40.22,4,,,,,,3,3,,,,,11,2,4236,松村 敏,33,福岡,53.0,A1,6.71,41.84,7.31,63.93,28,34.62,33,39.89,1,1,3,1,,,1,2,,,,,,3,3710,吉永泰弘,42,香川,55.0,B1,5.25,31.58,5.29,23.53,51,32.43,15,44.32,3,2,2,,,,1,0,,,,,,4,4100,松田隆司,38,福岡,52.0,A2,5.63,34.26,4.41,25.93,8,35.16,52,33.54,4,,,,,,2,4,,,,,9,5,4676,後藤隼之,29,東京,55.0,B1,6.01,40.2,5.33,33.33,48,30.77,74,31.18,2,6,5,,,,1,,,,,,,6,3566,川添英正,46,福岡,51.0,B1,5.23,31.78,5.65,34.69,5,28.38,39,36.63,4,,,,,,1,3,,,,,
201704132106,Ｇ３ビートル杯,第3日,2017-04-13,ボートレース若松,6R,予選,1800,17:36,1,3901,松田憲幸,39,山口,52.0,A1,6.53,46.72,5.23,34.62,9,40.79,36,39.89,3,6,4,4,,,,,,,,,,2,3955,眞田英二,39,徳島,52.0,A2,5.96,39.67,7.33,59.26,65,35.8,24,29.34,2,3,3,,,,1,2,,,,,,3,4703,森永 隆,29,山口,52.0,B1,5.2,37.38,4.7,30.0,17,40.48,63,30.65,5,,,,,,1,,,,,,,4,3773,津留浩一,42,長崎,56.0,B1,5.64,35.42,6.44,50.0,64,36.51,42,39.55,5,4,6,,,,1,,,,,,,5,3151,落合敬一,53,長崎,55.0,A2,4.86,29.63,6.92,53.85,11,48.81,72,37.36,6,5,,,,,1,0,,,,,,6,3744,徳増秀樹,42,静岡,51.0,A1,6.97,48.28,6.76,42.86,3,40.91,55,33.91,3,6,3,1,,,1,1,,,,,
201704132107,Ｇ３ビートル杯,第3日,2017-04-13,ボートレース若松,7R,予選,1800,18:04,1,4122,安東幸治,35,福岡,56.0,A2,5.59,37.5,6.24,44.0,31,39.19,45,31.4,3,1,2,,,,2,,,,,,,2,4610,佐藤大佑,26,東京,53.0,A2,5.66,37.37,5.19,29.03,30,41.03,65,35.84,1,,,,,,4,2,,,,,10,3,4580,長谷川雅,27,岡山,51.0,B1,5.32,29.79,4.6,26.67,54,34.62,53,39.88,5,5,1,,,,1,,,,,,,4,3992,関口智久,38,埼玉,54.0,B1,5.31,37.5,5.63,41.67,60,35.82,12,34.83,6,,,,,,2,6,,,,,,5,3265,今村暢孝,52,福岡,51.0,A1,7.09,59.38,7.1,58.1,62,37.8,46,29.05,2,5,5,,,,1,1,,,,,,6,3563,堤 昇,47,静岡,52.0,A1,6.85,54.35,6.93,53.57,42,33.73,62,29.44,2,,,,,,1,6,,,,,12
201704132108,Ｇ３ビートル杯,第3日,2017-04-13,ボートレース若松,8R,予選 進入固定 Ｈ１８０,ｍ電,18:32,1,4171,榎 幸司,34,長崎,52.0,A1,6.63,49.57,7.33,59.18,18,34.57,28,39.56,3,2,2,6,,,,,,,,,,2,4015,前野竜一,37,山口,61.0,A1,6.05,36.84,5.75,33.33,59,42.86,43,27.16,1,,,,,,2,5,,,,,2,3,4316,山口裕太,32,広島,52.0,A2,6.29,43.14,5.35,32.26,15,42.42,48,39.23,2,,,,,,1,2,,,,,12,4,4340,土性雅也,32,三重,54.0,B1,4.46,28.26,4.79,21.05,10,34.72,38,40.22,2,,,,,,3,4,,,,,,5,3630,黒田誠司,47,静岡,52.0,B1,4.67,26.97,,,52,42.11,67,34.78,5,,,,,,4,5,,,,,3,6,4346,前田健太,31,福岡,54.0,B1,5.17,37.5,4.61,24.24,34,35.37,27,29.12,1,,,,,,3,,,,,,
201704132109,Ｇ３ビートル杯,第3日,2017-04-13,ボートレース若松,9R,予選,1800,19:00,1,4028,田村隆信,39,徳島,57.0,A1,7.16,52.04,7.85,58.54,35,30.38,73,35.11,4,2,6,3,,,,,,,,,,2,2942,瀬尾達也,57,徳島,51.0,A2,5.61,34.78,5.59,45.95,19,30.26,11,40.22,4,4,5,5,,,,,,,,,,3,4009,小林一樹,37,山口,57.0,A2,5.34,32.48,6.04,41.67,40,35.53,18,38.64,5,5,3,,,,4,,,,,,,4,3220,二橋 学,53,静岡,50.0,B1,5.22,24.36,4.22,,20,30.26,61,38.5,5,6,3,,,,3,,,,,,,5,4100,松田隆司,38,福岡,52.0,A2,5.63,34.26,4.41,25.93,8,35.16,52,33.54,4,,,,,,2,4,,,,,5,6,3697,勝野竜司,44,兵庫,52.0,B1,5.88,40.26,7.25,60.0,36,34.57,47,34.48,1,4,4,,,,2,,,,,,
201704132110,Ｇ３ビートル杯,第3日,2017-04-13,ボートレース若松,10R,特賞,1800,19:30,1,4448,青木玄太,30,滋賀,49.0,A2,6.51,49.02,6.84,52.63,37,31.58,25,35.59,2,4,2,,,,3,,,,,,,2,3151,落合敬一,53,長崎,55.0,A2,4.86,29.63,6.92,53.85,11,48.81,72,37.36,6,5,,,,,6,,,,,,,3,3445,加藤高史,47,埼玉,54.0,B1,6.61,51.75,4.89,27.78,2,39.47,64,36.46,6,3,1,,,,1,,,,,,,4,4610,佐藤大佑,26,東京,53.0,A2,5.66,37.37,5.19,29.03,30,41.03,65,35.84,1,,,,,,4,2,,,,,7,5,4378,川下晃司,32,広島,53.0,A1,6.12,42.98,6.13,40.0,7,50.0,44,39.41,3,6,4,6,,,4,,,,,,,6,3710,吉永泰弘,42,香川,55.0,B1,5.25,31.58,5.29,23.53,51,32.43,15,44.32,3,2,2,,,,5,,,,,,
201704132111,Ｇ３ビートル杯,第3日,2017-04-13,ボートレース若松,11R,特選,1800,20:01,1,3265,今村暢孝,52,福岡,51.0,A1,7.09,59.38,7.1,58.1,62,37.8,46,29.05,2,5,5,,,,7,,,,,,,2,4498,宮本夏樹,29,長崎,51.0,B1,5.87,41.41,4.73,30.0,58,36.36,40,30.6,6,1,3,,,,4,,,,,,,3,4571,菅 章哉,28,徳島,52.0,A2,5.62,39.64,6.0,41.67,32,30.56,29,33.89,4,2,1,,,,3,,,,,,,4,4146,柳橋宏紀,35,滋賀,52.0,A2,4.91,28.18,3.11,,13,33.33,68,40.22,4,,,,,,3,3,,,,,5,5,3744,徳増秀樹,42,静岡,51.0,A1,6.97,48.28,6.76,42.86,3,40.91,55,33.91,3,6,3,1,,,6,,,,,,,6,3670,古澤信二,45,福岡,56.0,B1,5.25,32.2,5.06,37.14,21,30.95,56,32.57,1,2,2,,,,2,,,,,,
201704132112,Ｇ３ビートル杯,第3日,2017-04-13,ボートレース若松,12R,特選,1800,20:34,1,4236,松村 敏,33,福岡,53.0,A1,6.71,41.84,7.31,63.93,28,34.62,33,39.89,1,1,3,1,,,5,,,,,,,2,4316,山口裕太,32,広島,52.0,A2,6.29,43.14,5.35,32.26,15,42.42,48,39.23,2,,,,,,1,2,,,,,8,3,4472,尾嶋一広,29,兵庫,55.0,A1,6.78,55.81,5.55,45.0,24,37.97,69,34.29,3,1,4,5,,,4,,,,,,,4,3563,堤 昇,47,静岡,52.0,A1,6.85,54.35,6.93,53.57,42,33.73,62,29.44,2,,,,,,1,6,,,,,7,5,4607,鶴田勇雄,28,福岡,52.0,B1,6.1,38.24,5.02,25.53,53,60.0,35,39.33,2,3,1,,,,3,,,,,,,6,3955,眞田英二,39,徳島,52.0,A2,5.96,39.67,7.33,59.26,65,35.8,24,29.34,2,3,3,,,,6,,,,,,
201704131801,１Ｒ  ファーストＢ          Ｈ１８００ｍ  電話投票締切予定１１：０１,第1日,2017-04-13,ボートレース宮島,1R,ファーストＢ,1800,11:01,1,4434,田中辰彦,31,広島,54.0,A2,5.41,34.21,5.34,32.71,16,35.11,48,26.36,9,,,,,,,,,,,,,2,3637,齋藤和政,46,愛知,54.0,B1,4.93,28.75,4.82,36.36,70,40.0,69,24.22,8,,,,,,,,,,,,,3,3729,松田英数,45,佐賀,57.0,B1,5.04,32.0,6.56,33.33,42,28.36,52,41.61,6,,,,,,,,,,,,,4,4404,岸蔭 亮,31,兵庫,51.0,B1,5.13,33.33,4.86,36.36,46,33.33,22,32.61,7,,,,,,,,,,,,,5,4705,吉川勇作,28,長崎,55.0,B1,4.24,23.53,4.43,35.71,50,25.2,57,34.33,5,,,,,,,,,,,,,6,4883,岡部大輝,21,東京,51.0,B1,3.33,13.64,,,40,34.04,37,28.24,,,,,,,,,,,,,
201704131802,１Ｒ  ファーストＢ          Ｈ１８００ｍ  電話投票締切予定１１：０１,第1日,2017-04-13,ボートレース宮島,2R,予選,1800,11:29,1,3338,出本正博,51,広島,52.0,B1,4.33,20.65,5.23,28.26,17,22.12,55,35.11,,,,,,,,,,,,,,2,3325,福本忠治,49,長崎,53.0,B1,4.57,20.93,3.7,15.91,35,26.89,28,23.53,,,,,,,,,,,,,,3,3575,田野邊秀,44,埼玉,56.0,B1,3.47,12.66,5.8,30.0,48,31.62,41,41.22,8,,,,,,,,,,,,,4,3819,大内裕樹,45,滋賀,57.0,B1,4.64,28.92,4.11,16.67,37,28.32,42,28.68,7,,,,,,,,,,,,,5,4010,越智照浩,37,香川,55.0,B1,4.07,14.08,4.73,20.0,19,38.35,49,25.95,,,,,,,,,,,,,,6,4698,高山隆成,30,福岡,54.0,B1,3.54,12.2,,,44,29.46,67,32.61,,,,,,,,,,,,,
201704131803,１Ｒ  ファーストＢ          Ｈ１８００ｍ  電話投票締切予定１１：０１,第1日,2017-04-13,ボートレース宮島,3R,予選,1800,11:57,1,3170,谷口 勝,54,大阪,54.0,B1,3.92,15.28,4.28,11.11,13,26.15,27,35.71,9,,,,,,,,,,,,,2,3888,山本英志,42,東京,50.0,A2,6.4,44.96,4.4,20.0,29,29.85,51,40.69,1,0,,,,,,,,,,,,3,3713,伊藤誠二,42,愛知,53.0,A1,6.54,50.81,5.79,35.71,34,30.94,36,41.35,1,2,,,,,,,,,,,,4,3156,金子良昭,52,静岡,55.0,A2,6.65,50.98,5.65,42.31,27,28.1,60,31.94,1,1,,,,,,,,,,,,5,3073,北岡 淳,54,佐賀,54.0,B1,3.79,17.95,4.1,30.0,49,38.76,32,30.07,,,,,,,,,,,,,,6,4458,抹香雄三,31,広島,53.0,B1,5.09,36.56,4.78,28.83,28,22.66,43,36.67,7,,,,,,,,,,,,
201704131804,１Ｒ  ファーストＢ          Ｈ１８００ｍ  電話投票締切予定１１：０１,第1日,2017-04-13,ボートレース宮島,4R,ランチタイム,1800,12:28,1,4025,山本隆幸,39,兵庫,52.0,A1,6.49,48.87,7.44,61.54,52,43.26,63,39.32,1,2,,,,,,,,,,,,2,3686,鳥居塚孝,42,群馬,53.0,A2,6.13,44.34,6.91,54.55,23,31.16,23,43.61,1,1,,,,,,,,,,,,3,4325,新出浩司,33,大阪,53.0,B1,4.9,32.18,4.56,22.22,51,42.65,40,21.3,8,,,,,,,,,,,,,4,4506,稗田聖也,29,福岡,53.0,A2,5.4,35.8,5.13,31.25,18,42.03,25,38.97,1,0,,,,,,,,,,,,5,4081,樋口範政,38,愛知,55.0,B1,4.12,22.35,5.85,37.04,30,34.85,12,32.09,9,,,,,,,,,,,,,6,4949,横田貴満,24,佐賀,51.0,B2,1.26,,,,47,42.19,59,25.58,,,,,,,,,,,,,
201704131805,１Ｒ  ファーストＢ          Ｈ１８００ｍ  電話投票締切予定１１：０１,第1日,2017-04-13,ボートレース宮島,5R,予選,1800,12:58,1,4047,吉永浩則,37,大阪,56.0,B1,4.82,22.22,4.14,14.29,20,52.24,29,44.62,,,,,,,,,,,,,,2,4057,松井賢治,38,兵庫,52.0,A1,6.56,49.25,5.65,32.35,67,40.88,33,35.34,1,1,,,,,,,,,,,,3,4187,香川友尚,36,香川,57.0,B1,4.15,18.03,3.25,8.33,66,25.0,35,27.42,9,,,,,,,,,,,,,4,4705,吉川勇作,28,長崎,55.0,B1,4.24,23.53,4.43,35.71,50,25.2,57,34.33,1,,,,,,,,,,,,,5,3940,飯山 泰,39,東京,51.0,A1,6.31,45.67,6.64,45.45,36,22.12,62,32.84,1,2,,,,,,,,,,,,6,3443,森 秋光,47,岡山,54.0,A2,5.26,35.24,6.14,48.28,45,23.02,17,39.1,1,0,,,,,,,,,,,
201704131806,１Ｒ  ファーストＢ          Ｈ１８００ｍ  電話投票締切予定１１：０１,第1日,2017-04-13,ボートレース宮島,6R,予選,1800,13:28,1,3729,松田英数,45,佐賀,57.0,B1,5.04,32.0,6.56,33.33,42,28.36,52,41.61,1,,,,,,,,,,,,,2,4254,川島圭司,33,滋賀,50.0,A2,5.75,35.23,5.2,26.67,55,30.83,34,26.47,1,0,,,,,,,,,,,,3,4094,中島真二,35,福岡,51.0,A2,5.68,38.46,4.44,22.22,25,38.71,21,42.4,1,1,,,,,,,,,,,,4,2698,角川政志,63,香川,52.0,B1,4.29,18.18,5.07,23.33,32,30.28,44,27.59,,,,,,,,,,,,,,5,4089,妹尾忠幸,36,岡山,54.0,A1,6.59,45.3,6.14,41.38,26,26.52,46,20.49,1,2,,,,,,,,,,,,6,4343,村岡 賢,32,広島,55.0,B1,4.82,24.73,4.95,27.13,12,25.74,61,27.01,,,,,,,,,,,,,
201704131807,１Ｒ  ファーストＢ          Ｈ１８００ｍ  電話投票締切予定１１：０１,第1日,2017-04-13,ボートレース宮島,7R,予選,1800,13:59,1,3975,小野寺智,40,香川,52.0,A2,5.94,39.34,5.23,32.56,38,38.64,24,30.83,,,,,,,,,,,,,,2,3906,飯山晃三,39,長崎,58.0,A2,5.77,41.18,6.0,48.28,63,28.46,39,34.27,1,1,,,,,,,,,,,,3,3502,渡邉英児,47,静岡,51.0,A1,6.62,48.91,7.0,57.14,54,48.25,54,29.85,1,2,,,,,,,,,,,,4,4458,抹香雄三,31,広島,53.0,B1,5.09,36.56,4.78,28.83,28,22.66,43,36.67,3,,,,,,,,,,,,,5,3819,大内裕樹,45,滋賀,57.0,B1,4.64,28.92,4.11,16.67,37,28.32,42,28.68,2,,,,,,,,,,,,,6,4404,岸蔭 亮,31,兵庫,51.0,B1,5.13,33.33,4.86,36.36,46,33.33,22,32.61,1,,,,,,,,,,,,
201704131808,１Ｒ  ファーストＢ          Ｈ１８００ｍ  電話投票締切予定１１：０１,第1日,2017-04-13,ボートレース宮島,8R,予選,1800,14:30,1,4325,新出浩司,33,大阪,53.0,B1,4.9,32.18,4.56,22.22,51,42.65,40,21.3,4,,,,,,,,,,,,,2,3575,田野邊秀,44,埼玉,56.0,B1,3.47,12.66,5.8,30.0,48,31.62,41,41.22,2,,,,,,,,,,,,,3,4350,篠崎元志,31,福岡,52.0,A1,7.49,55.13,6.89,22.22,60,25.0,30,27.34,1,2,,,,,,,,,,,,4,3637,齋藤和政,46,愛知,54.0,B1,4.93,28.75,4.82,36.36,70,40.0,69,24.22,1,,,,,,,,,,,,,5,3516,吉原聖人,49,広島,51.0,A2,4.64,31.58,5.01,31.43,69,28.36,11,34.53,,,,,,,,,,,,,,6,3085,川名 稔,57,東京,51.0,B1,4.81,25.68,4.78,22.22,56,22.86,18,35.2,,,,,,,,,,,,,
201704131809,１Ｒ  ファーストＢ          Ｈ１８００ｍ  電話投票締切予定１１：０１,第1日,2017-04-13,ボートレース宮島,9R,ティータイム 進入固定 Ｈ１８０,ｍ電,15:01,1,3303,渡辺 豊,49,東京,54.0,A2,5.57,34.26,5.53,26.67,65,31.78,56,33.06,,,,,,,,,,,,,,2,3170,谷口 勝,54,大阪,54.0,B1,3.92,15.28,4.28,11.11,13,26.15,27,35.71,3,,,,,,,,,,,,,3,4081,樋口範政,38,愛知,55.0,B1,4.12,22.35,5.85,37.04,30,34.85,12,32.09,4,,,,,,,,,,,,,4,4434,田中辰彦,31,広島,54.0,A2,5.41,34.21,5.34,32.71,16,35.11,48,26.36,1,,,,,,,,,,,,,5,4187,香川友尚,36,香川,57.0,B1,4.15,18.03,3.25,8.33,66,25.0,35,27.42,5,,,,,,,,,,,,,6,4684,楠原翔太,26,福岡,55.0,B1,4.09,25.58,,,14,40.3,50,43.61,,,,,,,,,,,,,
201704131810,１Ｒ  ファーストＢ          Ｈ１８００ｍ  電話投票締切予定１１：０１,第1日,2017-04-13,ボートレース宮島,10R,特賞,1800,15:34,1,3888,山本英志,42,東京,50.0,A2,6.4,44.96,4.4,20.0,29,29.85,51,40.69,3,,,,,,,,,,,,,2,3353,前田光昭,48,埼玉,52.0,A2,5.53,36.64,5.57,43.33,62,29.01,58,30.71,,,,,,,,,,,,,,3,3443,森 秋光,47,岡山,54.0,A2,5.26,35.24,6.14,48.28,45,23.02,17,39.1,5,,,,,,,,,,,,,4,4254,川島圭司,33,滋賀,50.0,A2,5.75,35.23,5.2,26.67,55,30.83,34,26.47,6,,,,,,,,,,,,,5,4486,野村 誠,30,群馬,50.0,A2,4.96,29.06,,,59,31.54,16,37.96,,,,,,,,,,,,,,6,4506,稗田聖也,29,福岡,53.0,A2,5.4,35.8,5.13,31.25,18,42.03,25,38.97,4,,,,,,,,,,,,
201704131811,１Ｒ  ファーストＢ          Ｈ１８００ｍ  電話投票締切予定１１：０１,第1日,2017-04-13,ボートレース宮島,11R,特選,1800,16:08,1,4057,松井賢治,38,兵庫,52.0,A1,6.56,49.25,5.65,32.35,67,40.88,33,35.34,5,,,,,,,,,,,,,2,3156,金子良昭,52,静岡,55.0,A2,6.65,50.98,5.65,42.31,27,28.1,60,31.94,3,,,,,,,,,,,,,3,3906,飯山晃三,39,長崎,58.0,A2,5.77,41.18,6.0,48.28,63,28.46,39,34.27,7,,,,,,,,,,,,,4,3686,鳥居塚孝,42,群馬,53.0,A2,6.13,44.34,6.91,54.55,23,31.16,23,43.61,4,,,,,,,,,,,,,5,3930,岸本 隆,41,岡山,56.0,A2,5.61,41.38,6.33,54.17,21,31.54,20,33.59,,,,,,,,,,,,,,6,4094,中島真二,35,福岡,51.0,A2,5.68,38.46,4.44,22.22,25,38.71,21,42.4,6,,,,,,,,,,,,
201704131812,１Ｒ  ファーストＢ          Ｈ１８００ｍ  電話投票締切予定１１：０１,第1日,2017-04-13,ボートレース宮島,12R,モンタドリー,1800,16:44,1,4350,篠崎元志,31,福岡,52.0,A1,7.49,55.13,6.89,22.22,60,25.0,30,27.34,8,,,,,,,,,,,,,2,4025,山本隆幸,39,兵庫,52.0,A1,6.49,48.87,7.44,61.54,52,43.26,63,39.32,4,,,,,,,,,,,,,3,4089,妹尾忠幸,36,岡山,54.0,A1,6.59,45.3,6.14,41.38,26,26.52,46,20.49,6,,,,,,,,,,,,,4,3940,飯山 泰,39,東京,51.0,A1,6.31,45.67,6.64,45.45,36,22.12,62,32.84,5,,,,,,,,,,,,,5,3502,渡邉英児,47,静岡,51.0,A1,6.62,48.91,7.0,57.14,54,48.25,54,29.85,7,,,,,,,,,,,,,6,3713,伊藤誠二,42,愛知,53.0,A1,6.54,50.81,5.79,35.71,34,30.94,36,41.35,3,,,,,,,,,,,,
201704131501,鳴門市長杯競走,第5日,2017-04-13,ボートレース鳴門,1R,一般戦,1800,10:55,1,4040,廣瀬将亨,38,兵庫,56.0,A2,6.43,52.17,,,37,,11,,4,3,2,,,,1,6,1,5,,,10,2,4872,山下流心,24,広島,55.0,B1,3.24,10.71,2.4,20.0,65,,64,,5,,,,,,,,,,,,,3,4870,新田有理,25,広島,47.0,B1,2.87,7.06,,,31,,23,,1,,,,,,3,6,6,6,5,,9,4,3746,岡瀬正人,42,岡山,53.0,A1,6.81,51.43,,,33,,52,,5,1,3,4,3,,8,,,,,,,5,4936,戸敷晃美,20,福岡,50.0,B2,2.0,2.63,,,21,,58,,6,,,,,,6,6,5,,,,56,6,3128,鳥居智恵,53,福岡,48.0,B1,3.86,21.43,,,20,,30,,5,4,6,,,,6,,,,,,43
201704131502,鳴門市長杯競走,第5日,2017-04-13,ボートレース鳴門,2R,一般戦,1800,11:22,1,3820,樫葉次郎,45,徳島,57.0,B1,4.97,25.29,4.25,25.0,64,,63,,7,,,,,,,,,,,,,2,4622,出村卓也,33,福井,51.0,B1,3.91,17.39,,,35,,34,,4,,,,,,6,5,6,,,,53,3,4850,野中一平,22,愛知,53.0,B1,4.9,29.87,,,62,,61,,6,,,,,,3,5,4,,,,62,4,3283,窪田好弘,49,福井,55.0,B1,4.98,30.43,5.88,50.0,24,,32,,5,4,6,,,,5,5,6,,,,7,5,4563,齋藤真之,29,岡山,53.0,B1,4.08,16.28,3.6,12.0,30,,54,,2,5,5,,,,3,1,6,2,,,6,6,4510,坂本奈央,28,福岡,47.0,B1,3.82,12.73,4.0,,22,,27,,6,,,,,,4,6,5,,,,64
201704131503,鳴門市長杯競走,第5日,2017-04-13,ボートレース鳴門,3R,一般戦,1800,11:49,1,4596,葛原大陽,33,徳島,51.0,A2,5.15,22.58,6.3,31.91,18,,13,,2,4,1,2,2,,1,0,,,,,,2,4735,角山雄哉,26,兵庫,55.0,B1,3.58,16.42,2.14,,19,,53,,3,6,6,,,,6,,,,,,52,3,3748,小黒竜吾,41,埼玉,56.0,B1,4.22,17.65,,,55,,60,,6,,,,,,5,3,3,,,,65,4,4657,江崎一雄,29,福岡,54.0,B1,5.91,36.78,,,36,,24,,3,2,3,,,,4,1,2,4,,,11,5,3567,吉岡 誠,46,山口,54.0,B1,4.48,21.25,4.2,26.67,23,,57,,2,,,,,,4,4,6,4,4,,9,6,4167,片岡秀樹,34,徳島,57.0,B1,4.75,30.99,4.85,30.3,60,,26,,2,5,2,,,,4,6,6,4,,,7
201704131504,鳴門市長杯競走,第5日,2017-04-13,ボートレース鳴門,4R,一般戦,1800,12:20,1,4231,鈴木裕隆,33,愛知,60.0,B1,4.62,32.35,,,27,,28,,5,,,,,,2,5,2,1,2,5,11,2,3509,道上千夏,45,香川,49.0,B1,4.58,27.27,2.69,7.69,14,,37,,4,3,5,,,,4,,,,,,36,3,3585,井川真人,44,岡山,54.0,B1,5.17,32.47,4.38,31.25,11,,18,,5,4,2,,,,4,3,2,3,,,9,4,3868,尾形栄治,41,東京,55.0,A2,5.21,32.0,5.74,42.11,16,,35,,1,,,,,,3,4,1,3,5,3,11,5,3606,川北浩貴,45,滋賀,52.0,A1,7.03,61.42,3.0,,34,,21,,3,2,3,5,1,,1,0,,,,,,6,4841,高橋悠花,25,岡山,47.0,B2,2.8,6.12,3.64,9.09,26,,14,,5,6,5,,,,5,,,,,,14
201704131505,鳴門市長杯競走,第5日,2017-04-13,ボートレース鳴門,5R,一般戦,1800,12:51,1,4142,平野和明,36,愛知,52.0,A2,5.91,39.01,,,57,,56,,5,1,2,2,4,,1,1,,,,,,2,4627,藤原菜希,30,東京,47.0,B1,4.61,31.25,,,32,,39,,6,2,5,,,,3,5,2,,,,9,3,3476,中村稔宏,46,徳島,50.0,B1,3.29,11.54,4.05,15.0,17,,16,,3,,,,,,1,1,3,5,3,6,10,4,3945,橋口真樹,41,愛知,51.0,B1,4.6,23.75,4.5,16.67,54,,20,,4,,,,,,4,3,2,5,5,5,,5,4872,山下流心,24,広島,55.0,B1,3.24,10.71,2.4,20.0,65,,64,,1,,,,,,,,,,,,,6,4936,戸敷晃美,20,福岡,50.0,B2,2.0,2.63,,,21,,58,,6,,,,,,6,6,5,,,,56
201704131506,鳴門市長杯競走,第5日,2017-04-13,ボートレース鳴門,6R,一般戦,1800,13:23,1,4563,齋藤真之,29,岡山,53.0,B1,4.08,16.28,3.6,12.0,30,,54,,2,5,5,,,,3,1,6,2,,,2,2,3553,平池仁志,45,香川,55.0,B1,5.08,23.33,,,52,,19,,4,5,5,,,,5,1,4,4,,,,3,3123,中西宏文,54,滋賀,49.0,B1,4.7,19.7,5.94,27.78,58,,15,,3,,,,,,1,4,5,4,4,3,,4,4510,坂本奈央,28,福岡,47.0,B1,3.82,12.73,4.0,,22,,27,,6,,,,,,4,6,5,,,,64,5,3912,川原正明,43,福井,51.0,A2,5.78,43.24,,,61,,59,,4,6,1,1,2,,1,3,,,,,10,6,3795,金子龍介,44,兵庫,51.0,A1,7.16,54.67,7.5,70.0,15,,10,,5,1,,,,,3,,,,,,3
201704131507,鳴門市長杯競走,第5日,2017-04-13,ボートレース鳴門,7R,一般戦,1800,13:55,1,3273,石田 豪,51,広島,51.0,B1,4.72,28.87,5.24,41.18,13,,33,,1,,,,,,1,3,1,4,4,6,10,2,3283,窪田好弘,49,福井,55.0,B1,4.98,30.43,5.88,50.0,24,,32,,5,4,6,,,,5,5,6,,,,2,3,4167,片岡秀樹,34,徳島,57.0,B1,4.75,30.99,4.85,30.3,60,,26,,2,5,2,,,,4,6,6,4,,,3,4,3820,樫葉次郎,45,徳島,57.0,B1,4.97,25.29,4.25,25.0,64,,63,,2,,,,,,,,,,,,,5,4079,出畑孝典,38,福岡,52.0,A1,5.37,36.55,,,39,,36,,1,4,4,2,2,,1,1,,,,,,6,4735,角山雄哉,26,兵庫,55.0,B1,3.58,16.42,2.14,,19,,53,,3,6,6,,,,6,,,,,,52
201704131508,鳴門市長杯競走,第5日,2017-04-13,ボートレース鳴門,8R,一般戦,1800,14:27,1,3873,別府昌樹,41,広島,52.0,A2,5.55,36.78,5.67,33.33,25,,38,,1,,,,,,4,2,6,3,1,5,11,2,4850,野中一平,22,愛知,53.0,B1,4.9,29.87,,,62,,61,,6,,,,,,3,5,4,,,,62,3,3509,道上千夏,45,香川,49.0,B1,4.58,27.27,2.69,7.69,14,,37,,4,3,5,,,,4,,,,,,36,4,3748,小黒竜吾,41,埼玉,56.0,B1,4.22,17.65,,,55,,60,,6,,,,,,5,3,3,,,,65,5,4622,出村卓也,33,福井,51.0,B1,3.91,17.39,,,35,,34,,4,,,,,,6,5,6,,,,53,6,3746,岡瀬正人,42,岡山,53.0,A1,6.81,51.43,,,33,,52,,5,1,3,4,3,,1,,,,,,
201704131509,鳴門市長杯競走,第5日,2017-04-13,ボートレース鳴門,9R,一般戦,1800,14:59,1,3567,吉岡 誠,46,山口,54.0,B1,4.48,21.25,4.2,26.67,23,,57,,2,,,,,,4,4,6,4,4,,3,2,3585,井川真人,44,岡山,54.0,B1,5.17,32.47,4.38,31.25,11,,18,,5,4,2,,,,4,3,2,3,,,4,3,4841,高橋悠花,25,岡山,47.0,B2,2.8,6.12,3.64,9.09,26,,14,,5,6,5,,,,5,,,,,,14,4,4627,藤原菜希,30,東京,47.0,B1,4.61,31.25,,,32,,39,,6,2,5,,,,3,5,2,,,,5,5,3795,金子龍介,44,兵庫,51.0,A1,7.16,54.67,7.5,70.0,15,,10,,5,1,,,,,3,,,,,,3,6,4870,新田有理,25,広島,47.0,B1,2.87,7.06,,,31,,23,,1,,,,,,3,6,6,6,5,,1
201704131510,鳴門市長杯競走,第5日,2017-04-13,ボートレース鳴門,10R,選抜戦,1800,15:34,1,3606,川北浩貴,45,滋賀,52.0,A1,7.03,61.42,3.0,,34,,21,,3,2,3,5,1,,4,,,,,,,2,3912,川原正明,43,福井,51.0,A2,5.78,43.24,,,61,,59,,4,6,1,1,2,,1,3,,,,,6,3,4596,葛原大陽,33,徳島,51.0,A2,5.15,22.58,6.3,31.91,18,,13,,2,4,1,2,2,,3,,,,,,,4,4040,廣瀬将亨,38,兵庫,56.0,A2,6.43,52.17,,,37,,11,,4,3,2,,,,1,6,1,5,,,1,5,3273,石田 豪,51,広島,51.0,B1,4.72,28.87,5.24,41.18,13,,33,,1,,,,,,1,3,1,4,4,6,7,6,3476,中村稔宏,46,徳島,50.0,B1,3.29,11.54,4.05,15.0,17,,16,,3,,,,,,1,1,3,5,3,6,5
201704131511,鳴門市長杯競走,第5日,2017-04-13,ボートレース鳴門,11R,選抜戦,1800,16:10,1,3868,尾形栄治,41,東京,55.0,A2,5.21,32.0,5.74,42.11,16,,35,,1,,,,,,3,4,1,3,5,3,4,2,4079,出畑孝典,38,福岡,52.0,A1,5.37,36.55,,,39,,36,,1,4,4,2,2,,7,,,,,,,3,4657,江崎一雄,29,福岡,54.0,B1,5.91,36.78,,,36,,24,,3,2,3,,,,4,1,2,4,,,3,4,4231,鈴木裕隆,33,愛知,60.0,B1,4.62,32.35,,,27,,28,,5,,,,,,2,5,2,1,2,5,4,5,3873,別府昌樹,41,広島,52.0,A2,5.55,36.78,5.67,33.33,25,,38,,1,,,,,,4,2,6,3,1,5,8,6,4142,平野和明,36,愛知,52.0,A2,5.91,39.01,,,57,,56,,5,1,2,2,4,,5,,,,,,
201704131512,鳴門市長杯競走,第5日,2017-04-13,ボートレース鳴門,12R,優勝戦,1800,16:47,1,3582,吉川昭男,44,滋賀,51.0,A2,6.67,54.03,,,59,,17,,1,1,1,6,1,,,,,,,,,2,4512,高野哲史,27,兵庫,52.0,A1,6.25,44.8,8.11,77.78,53,,50,,3,2,1,1,4,,,,,,,,,3,3654,武田光史,43,福井,54.0,A2,6.86,50.41,6.48,44.44,28,,31,,1,3,2,4,2,,,,,,,,,4,3679,飯島昌弘,44,埼玉,53.0,A1,7.27,53.54,7.4,70.0,12,,25,,2,2,2,3,2,,,,,,,,,5,3814,金子貴志,41,福井,50.0,A2,5.99,42.42,4.2,20.0,10,,22,,1,3,2,6,2,,,,,,,,,6,4190,長嶋万記,35,静岡,49.0,A1,7.98,65.05,7.9,70.0,56,,12,,2,2,3,1,2,,,,,,,,
201704131401,ミニボートピア鳥取開設６周年記念鳥取市長杯,第5日,2017-04-13,ボートレース尼崎,1R,一般,1800,10:37,1,3574,大神康司,44,福岡,53.0,B2,6.33,53.41,6.0,22.22,29,29.33,21,39.55,5,3,4,,,,4,5,3,,,,8,2,3051,山口俊英,54,佐賀,54.0,B1,4.59,24.69,6.0,42.86,25,25.84,45,31.86,6,,,,,,1,4,2,,,,56,3,2596,館野友良,69,群馬,51.0,B1,3.8,17.72,4.14,21.43,50,27.87,66,28.37,4,,,,,,5,4,6,,,,6,4,4511,中岡健人,28,香川,58.0,B1,4.83,26.0,3.33,6.67,2,31.36,11,30.81,1,,,,,,6,3,3,,,,35,5,4181,花本夏樹,33,三重,53.0,B1,4.59,26.76,,,64,28.13,36,29.41,3,5,3,,,,1,6,4,,,,9,6,4926,吉川貴仁,23,三重,51.0,B1,2.79,6.85,1.5,,35,29.69,20,39.42,6,,,,,,5,,,,,,366
201704131402,ミニボートピア鳥取開設６周年記念鳥取市長杯,第5日,2017-04-13,ボートレース尼崎,2R,一般,1800,11:02,1,3757,畑 和宏,45,広島,51.0,A2,6.1,42.22,6.15,37.5,41,29.76,50,31.63,2,4,6,,,,6,4,4,,,,7,2,3459,中野和裕,50,佐賀,53.0,B1,4.53,18.87,4.44,33.33,7,34.65,60,33.33,6,,,,,,4,2,5,,,,45,3,3789,和田敏彦,45,福岡,50.0,B1,4.26,17.39,4.1,10.0,52,30.53,30,26.29,6,,,,,,4,5,5,,,,2,4,3647,伊藤雄二,44,埼玉,53.0,A2,5.28,29.41,4.4,20.0,51,34.05,62,44.3,1,3,5,,,,4,6,4,,,,9,5,3843,上之晃弘,40,長崎,54.0,A2,5.56,37.7,5.28,28.0,16,26.01,25,28.23,4,4,1,,,,2,4,5,4,,,11,6,4925,森 悠稀,24,兵庫,51.0,B1,2.06,3.23,1.69,,21,35.09,17,35.42,6,,,,,,5,,,,,,655
201704131403,ミニボートピア鳥取開設６周年記念鳥取市長杯,第5日,2017-04-13,ボートレース尼崎,3R,一般,1800,11:27,1,4105,松下直也,37,兵庫,51.0,B1,4.82,26.53,5.44,29.47,33,38.22,74,43.93,2,6,1,,,,4,4,5,,,,8,2,3153,前川竜次,52,佐賀,52.0,B1,4.75,28.4,4.75,25.0,3,33.48,68,34.27,4,6,6,,,,1,,,,,,34,3,4049,高沖健太,36,三重,56.0,A1,6.75,53.85,,,59,31.42,77,30.0,1,6,2,5,1,,1,1,,,,,,4,3893,汐崎正則,40,愛知,55.0,A2,5.8,37.25,4.44,22.22,20,38.77,51,28.77,5,5,2,,,,1,4,6,3,,,7,5,4727,安部慎一,29,福岡,53.0,B1,3.47,17.14,3.33,16.67,12,32.72,34,33.49,2,,,,,,5,2,1,,,,46,6,4946,船越健吾,25,香川,52.0,B2,1.28,2.78,1.0,,6,37.99,23,41.63,6,,,,,,6,,,,,,664
201704131404,ミニボートピア鳥取開設６周年記念鳥取市長杯,第5日,2017-04-13,ボートレース尼崎,4R,一般,1800,11:53,1,3680,森林 太,44,長崎,52.0,A2,5.49,34.15,5.23,29.03,13,33.49,29,33.7,3,6,5,,,,5,3,2,,,,9,2,3565,坂本徳克,47,東京,55.0,B1,3.82,18.18,3.82,17.95,5,47.37,56,37.21,4,,,,,,6,6,6,,,,2,3,3833,中辻博訓,42,福井,55.0,A1,6.36,42.86,6.21,36.17,56,39.66,52,40.0,5,1,3,5,3,,1,0,,,,,,4,4932,新開 航,21,福岡,50.0,B1,3.54,16.09,,,65,28.57,61,29.68,5,,,,,,3,4,6,,,,3S,5,4000,松本博昭,40,広島,57.0,A2,5.87,33.96,4.5,25.0,30,35.37,48,34.63,4,5,2,,,,3,5,3,,,,8,6,4920,桐村翔太,26,大阪,49.0,B2,1.4,,,,22,36.04,18,41.7,6,,,,,,6,,,,,,566
201704131405,ミニボートピア鳥取開設６周年記念鳥取市長杯,第5日,2017-04-13,ボートレース尼崎,5R,一般,1800,12:21,1,2912,尾崎鉄也,61,長崎,56.0,B1,4.99,27.0,4.57,28.57,4,31.86,31,36.49,3,,,,,,2,3,5,,,,26,2,3862,松元弥佑,43,滋賀,57.0,B1,5.32,33.82,5.0,32.26,49,27.92,13,28.65,6,,,,,,2,2,4,,,,36,3,3956,横澤剛治,39,静岡,56.0,A2,6.76,51.18,7.75,65.63,48,41.48,27,34.4,3,1,5,,,,4,2,2,3,,,10,4,4583,古田祐貴,27,香川,50.0,B1,5.23,34.69,6.73,45.45,47,39.57,38,42.21,5,2,2,,,,2,2,,,,,9,5,4420,津久井拓,29,群馬,54.0,B1,5.82,45.45,7.4,40.0,9,30.26,37,38.53,3,,,,,,4,4,5,,,,35,6,2596,館野友良,69,群馬,51.0,B1,3.8,17.72,4.14,21.43,50,27.87,66,28.37,4,,,,,,5,4,6,,,,6
201704131406,ミニボートピア鳥取開設６周年記念鳥取市長杯,第5日,2017-04-13,ボートレース尼崎,6R,一般,1800,12:50,1,3656,伯母芳恒,43,東京,55.0,A1,6.01,40.74,5.9,38.1,8,48.92,22,30.13,1,4,3,3,2,,1,1,,,,,,2,4406,幸野史明,31,福岡,49.0,B1,3.64,15.15,3.78,11.11,46,41.99,55,37.91,4,,,,,,1,6,4,,,,46,3,4199,北川潤二,34,愛知,53.0,A2,6.58,51.3,5.5,25.0,54,30.74,58,29.5,4,5,4,,,,2,1,2,,,,9,4,4747,山戸信二,31,長崎,53.0,B1,3.58,5.8,,,36,31.63,57,33.33,3,,,,,,6,3,,,,,65,5,4218,吉川喜継,35,滋賀,52.0,A1,6.18,38.24,6.35,37.5,62,34.36,65,34.6,3,3,2,1,1,,1,0,,,,,,6,3847,鈴木孝之,40,静岡,59.0,B1,3.71,13.41,2.75,12.5,15,37.77,46,33.33,5,,,,,,4,6,2,,,,55
201704131407,ミニボートピア鳥取開設６周年記念鳥取市長杯,第5日,2017-04-13,ボートレース尼崎,7R,一般,1800,13:23,1,3995,重野哲之,38,静岡,53.0,A1,6.59,48.75,7.45,55.0,34,28.57,40,33.78,2,5,3,1,5,,1,0,,,,,,2,3893,汐崎正則,40,愛知,55.0,A2,5.8,37.25,4.44,22.22,20,38.77,51,28.77,5,5,2,,,,1,4,6,3,,,3,3,3757,畑 和宏,45,広島,51.0,A2,6.1,42.22,6.15,37.5,41,29.76,50,31.63,2,4,6,,,,6,4,4,,,,2,4,3051,山口俊英,54,佐賀,54.0,B1,4.59,24.69,6.0,42.86,25,25.84,45,31.86,6,,,,,,1,4,2,,,,56,5,3737,上平真二,43,広島,54.0,A1,7.59,61.46,7.33,60.0,37,30.95,47,29.41,3,4,1,4,2,,1,1,,,,,,6,3565,坂本徳克,47,東京,55.0,B1,3.82,18.18,3.82,17.95,5,47.37,56,37.21,4,,,,,,6,6,6,,,,2
201704131408,ミニボートピア鳥取開設６周年記念鳥取市長杯,第5日,2017-04-13,ボートレース尼崎,8R,一般,1800,13:57,1,3439,大平誉史,47,大阪,54.0,A1,6.25,42.59,6.09,42.59,23,35.68,32,30.68,4,1,3,2,4,,1,1,,,,,,2,4000,松本博昭,40,広島,57.0,A2,5.87,33.96,4.5,25.0,30,35.37,48,34.63,4,5,2,,,,3,5,3,,,,4,3,3574,大神康司,44,福岡,53.0,B2,6.33,53.41,6.0,22.22,29,29.33,21,39.55,5,3,4,,,,4,5,3,,,,1,4,4105,松下直也,37,兵庫,51.0,B1,4.82,26.53,5.44,29.47,33,38.22,74,43.93,2,6,1,,,,4,4,5,,,,3,5,3862,松元弥佑,43,滋賀,57.0,B1,5.32,33.82,5.0,32.26,49,27.92,13,28.65,6,,,,,,2,2,4,,,,36,6,3789,和田敏彦,45,福岡,50.0,B1,4.26,17.39,4.1,10.0,52,30.53,30,26.29,6,,,,,,4,5,5,,,,2
201704131409,ミニボートピア鳥取開設６周年記念鳥取市長杯,第5日,2017-04-13,ボートレース尼崎,9R,一般,1800,14:32,1,4199,北川潤二,34,愛知,53.0,A2,6.58,51.3,5.5,25.0,54,30.74,58,29.5,4,5,4,,,,2,1,2,,,,6,2,3647,伊藤雄二,44,埼玉,53.0,A2,5.28,29.41,4.4,20.0,51,34.05,62,44.3,1,3,5,,,,4,6,4,,,,2,3,4181,花本夏樹,33,三重,53.0,B1,4.59,26.76,,,64,28.13,36,29.41,3,5,3,,,,1,6,4,,,,1,4,3680,森林 太,44,長崎,52.0,A2,5.49,34.15,5.23,29.03,13,33.49,29,33.7,3,6,5,,,,5,3,2,,,,4,5,3153,前川竜次,52,佐賀,52.0,B1,4.75,28.4,4.75,25.0,3,33.48,68,34.27,4,6,6,,,,1,,,,,,34,6,4583,古田祐貴,27,香川,50.0,B1,5.23,34.69,6.73,45.45,47,39.57,38,42.21,5,2,2,,,,2,2,,,,,5
201704131410,ミニボートピア鳥取開設６周年記念鳥取市長杯,第5日,2017-04-13,ボートレース尼崎,10R,選抜戦,1800,15:08,1,3956,横澤剛治,39,静岡,56.0,A2,6.76,51.18,7.75,65.63,48,41.48,27,34.4,3,1,5,,,,4,2,2,3,,,5,2,3995,重野哲之,38,静岡,53.0,A1,6.59,48.75,7.45,55.0,34,28.57,40,33.78,2,5,3,1,5,,7,,,,,,,3,4218,吉川喜継,35,滋賀,52.0,A1,6.18,38.24,6.35,37.5,62,34.36,65,34.6,3,3,2,1,1,,6,,,,,,,4,3833,中辻博訓,42,福井,55.0,A1,6.36,42.86,6.21,36.17,56,39.66,52,40.0,5,1,3,5,3,,4,,,,,,,5,4511,中岡健人,28,香川,58.0,B1,4.83,26.0,3.33,6.67,2,31.36,11,30.81,1,,,,,,6,3,3,,,,35,6,4727,安部慎一,29,福岡,53.0,B1,3.47,17.14,3.33,16.67,12,32.72,34,33.49,2,,,,,,5,2,1,,,,46
201704131411,ミニボートピア鳥取開設６周年記念鳥取市長杯,第5日,2017-04-13,ボートレース尼崎,11R,選抜戦,1800,15:45,1,3737,上平真二,43,広島,54.0,A1,7.59,61.46,7.33,60.0,37,30.95,47,29.41,3,4,1,4,2,,7,,,,,,,2,3656,伯母芳恒,43,東京,55.0,A1,6.01,40.74,5.9,38.1,8,48.92,22,30.13,1,4,3,3,2,,6,,,,,,,3,3843,上之晃弘,40,長崎,54.0,A2,5.56,37.7,5.28,28.0,16,26.01,25,28.23,4,4,1,,,,2,4,5,4,,,2,4,3439,大平誉史,47,大阪,54.0,A1,6.25,42.59,6.09,42.59,23,35.68,32,30.68,4,1,3,2,4,,8,,,,,,,5,4049,高沖健太,36,三重,56.0,A1,6.75,53.85,,,59,31.42,77,30.0,1,6,2,5,1,,3,,,,,,,6,2912,尾崎鉄也,61,長崎,56.0,B1,4.99,27.0,4.57,28.57,4,31.86,31,36.49,3,,,,,,2,3,5,,,,26
201704131412,ミニボートピア鳥取開設６周年記念鳥取市長杯,第5日,2017-04-13,ボートレース尼崎,12R,優勝戦,1800,16:24,1,4594,谷川祐一,35,滋賀,51.0,A2,5.17,31.63,5.13,39.13,38,34.48,43,29.24,4,2,1,,,,1,2,3,1,,,,2,4318,桑原将光,32,東京,52.0,A2,5.87,37.37,5.47,47.37,11,53.39,75,37.79,2,3,1,,,,3,1,2,1,,,,3,4084,杉山正樹,37,愛知,54.0,A1,6.86,51.11,5.33,33.33,39,29.85,69,34.5,2,2,1,3,3,,,,,,,,,4,3572,安田政彦,45,兵庫,52.0,A1,7.07,56.1,6.85,54.05,26,49.1,16,30.36,2,1,1,4,4,,,,,,,,,5,3627,井上恵一,47,福岡,54.0,A2,5.39,34.82,4.8,28.57,55,45.73,49,27.83,2,1,2,,,,5,3,4,2,,,,6,3079,新地雅洋,53,大阪,47.0,B1,4.58,32.22,5.39,27.78,14,40.27,42,43.12,1,,,,,,3,6,2,,,,12
201704130001,スポニチ杯争奪第５１回なにわ賞,第3日,2017-04-13,ボートレース住之江,1R,予選,1800,15:17,1,4820,上野 励,25,福岡,55.0,B1,2.11,1.89,2.13,12.5,68,33.33,30,30.0,5,,,,,,5,,,,,,7,2,3964,宮地博士,38,長崎,56.0,B1,4.17,19.54,3.5,18.75,60,33.33,72,33.33,6,5,6,,,,8,,,,,,,3,3234,金森史吉,50,香川,56.0,B1,4.06,13.89,4.48,17.39,72,50.0,75,33.33,3,,,,,,4,5,,,,,,4,4865,立具敬司,27,大阪,51.0,B2,1.09,,1.95,4.55,58,30.0,76,,6,,,,,,6,,,,,,5,5,4221,南部圭史,35,香川,51.0,B1,3.84,14.63,3.13,12.5,38,70.0,50,21.43,6,2,,,,,6,,,,,,,6,3911,鈴木 猛,43,東京,52.0,B1,4.54,25.0,6.37,31.58,66,66.67,89,16.67,4,,,,,,3,2,,,,,
201704130002,スポニチ杯争奪第５１回なにわ賞,第3日,2017-04-13,ボートレース住之江,2R,予選,1800,15:42,1,4832,権藤俊光,30,大阪,52.0,B1,4.82,26.14,4.26,14.0,27,33.33,16,25.0,5,1,5,,,,9,,,,,,,2,3020,若女井正,57,東京,53.0,B1,4.35,21.13,3.82,18.18,78,28.57,78,42.86,1,,,,,,6,5,,,,,,3,4799,大山大我,23,大阪,51.0,B2,3.15,4.88,2.76,2.04,28,50.0,88,,5,,,,,,5,5,,,,,,4,4881,檀 将太,21,福岡,48.0,B1,3.06,10.94,4.0,20.0,56,54.55,23,33.33,6,,,,,,3,,,,,,7,5,4201,佐竹友樹,34,埼玉,52.0,A2,5.65,40.59,6.5,45.83,11,30.0,28,37.5,6,,,,,,3,6,,,,,,6,3755,吉村和也,45,長崎,51.0,B1,4.92,22.09,5.11,27.78,62,42.86,84,14.29,5,,,,,,4,6,,,,,
201704130003,スポニチ杯争奪第５１回なにわ賞,第3日,2017-04-13,ボートレース住之江,3R,予選,1800,16:07,1,4790,柳内敬太,27,兵庫,54.0,B1,4.4,26.87,4.74,26.09,67,42.86,82,,5,,,,,,6,,,,,,8,2,4847,佐藤隆太,22,東京,54.0,B1,5.13,32.39,6.11,44.44,3,45.45,14,,1,,,,,,2,,,,,,,3,4082,濱崎 誠,37,大阪,52.0,A1,6.11,45.32,5.85,41.75,4,33.33,86,28.57,1,3,2,,,,1,2,,,,,,4,4490,椎原 健,30,滋賀,52.0,B1,3.58,18.07,4.2,16.0,39,28.57,15,44.44,4,,,,,,2,6,,,,,,5,4515,藤田浩人,30,佐賀,53.0,A2,5.72,32.77,4.8,20.0,50,42.86,29,12.5,4,4,2,,,,1,0,,,,,,6,4021,吉田健太,37,愛知,51.0,A2,5.44,39.29,5.11,36.84,53,50.0,18,30.0,1,2,2,,,,1,1,,,,,
201704130004,スポニチ杯争奪第５１回なにわ賞,第3日,2017-04-13,ボートレース住之江,4R,予選,1800,16:33,1,4638,小林遼太,26,福岡,54.0,B1,5.07,33.33,,,32,30.0,13,,2,5,2,,,,1,0,,,,,,2,4424,松尾昂明,31,福岡,49.0,A2,6.54,48.12,6.88,58.82,61,,20,,3,2,3,,,,1,1,,,,,,3,3577,向所浩二,44,兵庫,53.0,A2,5.7,35.71,8.88,87.5,7,60.0,79,16.67,4,2,1,,,,1,2,,,,,,4,4107,吉村茂樹,37,群馬,63.0,B1,3.84,13.54,4.57,14.29,24,42.86,19,50.0,2,,,,,,3,6,,,,,,5,4200,早川尚人,34,大阪,55.0,B1,4.86,23.26,5.1,30.48,33,33.33,36,22.22,2,,,,,,5,4,,,,,,6,4967,中村魁生,18,大阪,50.0,B2,2.12,5.88,2.69,12.5,16,27.27,37,12.5,6,,,,,,4,,,,,,8
201704130005,スポニチ杯争奪第５１回なにわ賞,第3日,2017-04-13,ボートレース住之江,5R,住之江ファイ,1800,17:01,1,4211,村田 敦,33,東京,54.0,A1,6.03,36.36,5.39,39.39,77,42.86,12,60.0,1,4,5,1,,,,,,,,,,2,3666,内野省一,46,愛知,53.0,B1,4.7,23.81,4.67,11.11,54,44.44,33,33.33,3,2,2,,,,9,,,,,,,3,4078,渡辺史之,38,群馬,51.0,B1,4.42,18.18,3.0,,10,50.0,10,12.5,2,3,2,,,,1,2,,,,,,4,3535,渡 修平,44,兵庫,54.0,B1,3.76,18.92,4.89,31.43,69,42.86,24,90.0,2,,,,,,4,,,,,,11,5,4865,立具敬司,27,大阪,51.0,B2,1.09,,1.95,4.55,58,30.0,76,,6,,,,,,6,,,,,,1,6,4624,高田 明,31,佐賀,48.0,A2,5.75,34.38,5.25,33.33,71,33.33,81,16.67,6,6,3,,,,1,0,,,,,
201704130006,スポニチ杯争奪第５１回なにわ賞,第3日,2017-04-13,ボートレース住之江,6R,予選,1800,17:28,1,4514,上條嘉嗣,27,大阪,54.0,B1,5.63,40.48,4.44,23.53,63,28.57,71,33.33,1,1,4,,,,1,0,,,,,,2,3105,内山文典,53,東京,55.0,A2,5.16,32.74,4.2,20.0,12,44.44,85,16.67,1,1,4,,,,1,2,,,,,,3,4113,木村浩士,36,群馬,55.0,A2,5.33,34.96,,,52,50.0,80,,3,,,,,,1,3,,,,,,4,4221,南部圭史,35,香川,51.0,B1,3.84,14.63,3.13,12.5,38,70.0,50,21.43,6,2,,,,,1,,,,,,,5,3850,小川知行,44,群馬,54.0,B1,4.86,25.96,4.16,16.0,70,16.67,54,14.29,4,,,,,,1,5,,,,,,6,4166,吉田拡郎,34,岡山,53.0,A1,7.0,48.28,6.95,35.0,80,,74,16.67,6,1,3,,,,1,1,,,,,
201704130007,スポニチ杯争奪第５１回なにわ賞,第3日,2017-04-13,ボートレース住之江,7R,予選,1800,17:56,1,4422,永井亮次,28,大阪,55.0,A2,4.96,28.1,4.96,22.5,59,50.0,90,50.0,6,,,,,,1,4,,,,,,2,3631,田添康介,47,長崎,55.0,A2,5.77,36.54,6.16,47.37,30,40.0,22,25.0,4,4,1,,,,1,1,,,,,,3,4541,牛田祥二,29,愛知,55.0,B1,3.6,10.91,3.27,13.33,20,20.0,92,42.86,,,,,,,6,5,,,,,,4,4820,上野 励,25,福岡,55.0,B1,2.11,1.89,2.13,12.5,68,33.33,30,30.0,5,,,,,,5,,,,,,1,5,3944,山口裕二,38,長崎,52.0,A1,6.83,52.46,6.72,51.72,29,45.45,17,25.0,4,5,1,,,,1,2,,,,,,6,4881,檀 将太,21,福岡,48.0,B1,3.06,10.94,4.0,20.0,56,54.55,23,33.33,6,,,,,,3,,,,,,2
201704130008,スポニチ杯争奪第５１回なにわ賞,第3日,2017-04-13,ボートレース住之江,8R,予選,1800,18:25,1,3964,宮地博士,38,長崎,56.0,B1,4.17,19.54,3.5,18.75,60,33.33,72,33.33,6,5,6,,,,1,,,,,,,2,4080,山崎哲司,38,愛知,53.0,A1,5.88,37.41,6.18,47.06,36,50.0,91,33.33,3,5,1,6,,,,,,,,,,3,4790,柳内敬太,27,兵庫,54.0,B1,4.4,26.87,4.74,26.09,67,42.86,82,,5,,,,,,6,,,,,,3,4,3933,山地正樹,40,岡山,55.0,A1,6.5,46.97,5.38,38.24,8,90.0,73,50.0,3,3,3,1,,,,,,,,,,5,4967,中村魁生,18,大阪,50.0,B2,2.12,5.88,2.69,12.5,16,27.27,37,12.5,6,,,,,,4,,,,,,4,6,3233,小畑実成,50,岡山,54.0,A2,6.15,39.66,5.63,31.25,5,80.0,70,16.67,2,3,3,,,,1,2,,,,,
201704130009,スポニチ杯争奪第５１回なにわ賞,第3日,2017-04-13,ボートレース住之江,9R,予選,1800,18:55,1,3666,内野省一,46,愛知,53.0,B1,4.7,23.81,4.67,11.11,54,44.44,33,33.33,3,2,2,,,,5,,,,,,,2,4832,権藤俊光,30,大阪,52.0,B1,4.82,26.14,4.26,14.0,27,33.33,16,25.0,5,1,5,,,,2,,,,,,,3,3442,宮武英司,47,香川,54.0,A1,5.99,35.53,,,65,33.33,38,,3,4,1,3,,,,,,,,,,4,4137,君島秀三,36,滋賀,53.0,A1,7.02,54.21,5.6,40.0,23,45.45,11,16.67,4,6,4,5,,,,,,,,,,5,3594,塚原武之,48,埼玉,56.0,B1,3.51,12.7,3.41,9.09,6,60.0,77,42.86,1,,,,,,1,6,,,,,,6,4403,木下大將,32,福岡,52.0,A2,5.58,34.18,,,74,57.14,83,71.43,5,,,,,,4,2,,,,,
201704130010,スポニチ杯争奪第５１回なにわ賞,第3日,2017-04-13,ボートレース住之江,10R,予選特別Ｂ戦,1800,19:27,1,4515,藤田浩人,30,佐賀,53.0,A2,5.72,32.77,4.8,20.0,50,42.86,29,12.5,4,4,2,,,,3,,,,,,,2,4514,上條嘉嗣,27,大阪,54.0,B1,5.63,40.48,4.44,23.53,63,28.57,71,33.33,1,1,4,,,,6,,,,,,,3,4638,小林遼太,26,福岡,54.0,B1,5.07,33.33,,,32,30.0,13,,2,5,2,,,,4,,,,,,,4,3550,都築正治,45,愛知,54.0,A2,5.69,36.44,6.03,57.14,31,28.57,27,30.0,3,,,,,,4,4,,,,,,5,4624,高田 明,31,佐賀,48.0,A2,5.75,34.38,5.25,33.33,71,33.33,81,16.67,6,6,3,,,,5,,,,,,,6,4544,松田大志,29,福岡,51.0,A1,6.59,43.68,5.54,29.27,26,7.14,32,12.5,5,2,3,2,,,,,,,,,
201704130011,スポニチ杯争奪第５１回なにわ賞,第3日,2017-04-13,ボートレース住之江,11R,予選特別Ａ戦,1800,20:02,1,4424,松尾昂明,31,福岡,49.0,A2,6.54,48.12,6.88,58.82,61,,20,,3,2,3,,,,4,,,,,,,2,4166,吉田拡郎,34,岡山,53.0,A1,7.0,48.28,6.95,35.0,80,,74,16.67,6,1,3,,,,6,,,,,,,3,3535,渡 修平,44,兵庫,54.0,B1,3.76,18.92,4.89,31.43,69,42.86,24,90.0,2,,,,,,4,,,,,,5,4,3631,田添康介,47,長崎,55.0,A2,5.77,36.54,6.16,47.37,30,40.0,22,25.0,4,4,1,,,,7,,,,,,,5,4021,吉田健太,37,愛知,51.0,A2,5.44,39.29,5.11,36.84,53,50.0,18,30.0,1,2,2,,,,3,,,,,,,6,3552,片山竜輔,45,岡山,53.0,A2,6.21,47.19,4.06,18.75,51,,31,50.0,2,,,,,,1,5,,,,,
201704130012,スポニチ杯争奪第５１回なにわ賞,第3日,2017-04-13,ボートレース住之江,12R,予選特別Ａ戦,1800,20:38,1,3944,山口裕二,38,長崎,52.0,A1,6.83,52.46,6.72,51.72,29,45.45,17,25.0,4,5,1,,,,7,,,,,,,2,3577,向所浩二,44,兵庫,53.0,A2,5.7,35.71,8.88,87.5,7,60.0,79,16.67,4,2,1,,,,4,,,,,,,3,3233,小畑実成,50,岡山,54.0,A2,6.15,39.66,5.63,31.25,5,80.0,70,16.67,2,3,3,,,,8,,,,,,,4,3105,内山文典,53,東京,55.0,A2,5.16,32.74,4.2,20.0,12,44.44,85,16.67,1,1,4,,,,6,,,,,,,5,4078,渡辺史之,38,群馬,51.0,B1,4.42,18.18,3.0,,10,50.0,10,12.5,2,3,2,,,,5,,,,,,,6,4082,濱崎 誠,37,大阪,52.0,A1,6.11,45.32,5.85,41.75,4,33.33,86,28.57,1,3,2,,,,3,,,,,,
201704130901,１Ｒ  予選          Ｈ１８００ｍ  電話投票締切予定１０：３０,第3日,2017-04-13,ボートレース津,1R,予選,1800,10:30,1,3010,大嶋一也,59,愛知,51.0,A1,6.28,46.28,6.76,51.52,32,45.38,17,31.2,4,6,4,,,,9,,,,,,,2,3284,渡邊伸太,49,佐賀,51.0,A1,5.71,40.0,5.6,35.0,15,26.42,65,34.4,3,,,,,,1,4,,,,,,3,3280,垣内清美,50,三重,49.0,A2,5.7,40.91,5.43,35.06,52,36.0,30,33.1,4,,,,,,5,,,,,,7,4,3231,吉田隆義,51,愛知,55.0,A2,5.77,37.8,5.24,29.41,72,36.7,31,40.77,4,,,,,,4,,,,,,6,5,2930,新良一規,60,山口,51.0,A1,5.45,37.86,6.57,42.86,61,32.77,47,32.73,2,,,,,,5,1,,,,,,6,3161,古場輝義,57,大阪,52.0,A2,5.6,39.45,5.63,26.32,13,28.45,21,37.82,6,,,,,,6,,,,,,5
201704130902,１Ｒ  予選          Ｈ１８００ｍ  電話投票締切予定１０：３０,第3日,2017-04-13,ボートレース津,2R,予選,1800,10:59,1,3268,森 竜也,51,三重,52.0,A2,6.29,44.8,6.14,45.56,68,35.59,62,33.85,5,,,,,,3,,,,,,6,2,3463,乙津康志,49,東京,51.0,A2,5.89,43.3,,,46,39.42,75,36.44,5,,,,,,4,,,,,,8,3,3200,熊谷直樹,52,東京,51.0,A1,6.78,60.38,7.72,67.44,65,30.36,34,24.39,4,3,3,,,,7,,,,,,,4,3333,丸尾義孝,48,徳島,52.0,A1,5.93,42.98,6.45,54.55,40,36.61,68,35.82,4,,,,,,6,3,,,,,,5,3302,谷川里江,49,愛知,47.0,A2,5.75,40.46,6.76,46.94,71,42.2,55,36.07,6,,,,,,3,5,,,,,,6,3499,市川哲也,48,広島,50.0,A1,6.69,51.61,5.33,33.33,55,33.06,59,31.71,1,5,5,,,,,,,,,,
201704130903,１Ｒ  予選          Ｈ１８００ｍ  電話投票締切予定１０：３０,第3日,2017-04-13,ボートレース津,3R,予選,1800,11:29,1,3541,三嶌誠司,48,香川,52.0,A1,6.9,47.69,7.5,66.67,59,27.64,23,35.2,6,5,2,,,,1,1,,,,,,2,3075,中村裕将,54,埼玉,54.0,A2,6.34,51.26,5.44,44.44,37,23.88,13,42.74,6,,,,,,6,,,,,,7,3,3517,高橋 勲,49,東京,57.0,A1,6.08,53.54,8.1,70.0,26,33.59,39,34.34,3,4,5,,,,1,0,,,,,,4,3326,生方厚成,49,群馬,53.0,A1,6.31,43.8,6.73,51.52,50,47.42,22,31.3,1,,,,,,6,6,,,,,,5,3381,滝沢芳行,48,埼玉,51.0,A2,6.09,46.15,6.26,48.15,43,27.91,71,29.69,4,,,,,,4,,,,,,9,6,3331,新美恵一,49,愛知,54.0,A1,6.33,44.87,6.19,40.38,45,31.25,33,40.74,6,,,,,,4,2,,,,,
201704130904,１Ｒ  予選          Ｈ１８００ｍ  電話投票締切予定１０：３０,第3日,2017-04-13,ボートレース津,4R,予選,1800,11:59,1,3543,福田雅一,48,香川,54.0,A1,6.33,43.48,5.79,41.67,12,36.52,54,34.75,3,,,,,,4,6,,,,,,2,3319,山崎義明,50,埼玉,50.0,A2,6.31,41.09,5.0,20.0,56,30.39,60,33.33,6,,,,,,6,4,,,,,,3,3290,倉谷和信,53,大阪,52.0,A1,6.45,45.92,,,62,32.28,67,39.37,5,1,1,,,,8,,,,,,,4,3385,渡邉睦広,48,東京,52.0,A1,6.58,48.31,5.29,35.71,70,37.5,37,33.9,2,2,3,,,,1,2,,,,,,5,3188,日高逸子,55,福岡,47.0,A1,6.82,46.15,6.91,50.0,22,40.32,49,30.89,2,5,4,,,,,,,,,,,6,3278,山田 豊,50,滋賀,52.0,A2,5.95,45.0,6.09,36.36,53,36.29,35,31.48,1,,,,,,1,,,,,,10
201704130905,１Ｒ  予選          Ｈ１８００ｍ  電話投票締切予定１０：３０,第3日,2017-04-13,ボートレース津,5R,予選,1800,12:30,1,3054,北川幸典,54,広島,57.0,A1,6.74,51.72,5.86,42.86,49,39.09,76,28.23,3,6,5,,,,,,,,,,,2,3347,矢後 剛,50,東京,56.0,A1,6.33,41.96,6.38,61.9,54,30.08,11,30.71,4,,,,,,2,2,,,,,,3,3295,濱村芳宏,50,徳島,52.0,A1,6.35,48.67,7.4,50.0,39,30.84,51,37.04,1,,,,,,6,,,,,,12,4,3161,古場輝義,57,大阪,52.0,A2,5.6,39.45,5.63,26.32,13,28.45,21,37.82,6,,,,,,6,,,,,,1,5,3304,烏野賢太,49,徳島,51.0,A1,6.87,51.43,6.84,55.26,30,42.5,36,40.77,5,3,2,,,,1,0,,,,,,6,3391,鈴木茂正,51,東京,53.0,A2,6.17,45.71,5.82,47.06,63,35.45,44,48.91,2,,,,,,1,,,,,,11
201704130906,１Ｒ  予選          Ｈ１８００ｍ  電話投票締切予定１０：３０,第3日,2017-04-13,ボートレース津,6R,予選,1800,13:01,1,3300,川崎智幸,49,岡山,51.0,A1,5.88,33.33,7.0,48.72,48,40.15,27,31.86,2,,,,,,5,3,,,,,,2,3231,吉田隆義,51,愛知,55.0,A2,5.77,37.8,5.24,29.41,72,36.7,31,40.77,4,,,,,,4,,,,,,1,3,3268,森 竜也,51,三重,52.0,A2,6.29,44.8,6.14,45.56,68,35.59,62,33.85,5,,,,,,3,,,,,,2,4,3401,上田隆章,49,香川,53.0,A2,5.72,33.59,6.04,44.44,73,32.85,58,36.89,4,,,,,,2,,,,,,10,5,3227,長岡茂一,51,東京,51.0,A1,5.78,37.8,6.0,47.83,31,36.36,64,35.61,3,5,1,,,,,,,,,,,6,3212,亀本勇樹,55,広島,58.0,A1,5.74,36.17,5.57,32.14,23,31.01,50,32.0,1,,,,,,6,,,,,,11
201704130907,１Ｒ  予選          Ｈ１８００ｍ  電話投票締切予定１０：３０,第3日,2017-04-13,ボートレース津,7R,予選,1800,13:33,1,3297,藤丸光一,50,福岡,49.0,A1,6.5,50.0,3.88,,27,30.58,41,32.56,2,4,5,,,,1,2,,,,,,2,3280,垣内清美,50,三重,49.0,A2,5.7,40.91,5.43,35.06,52,36.0,30,33.1,4,,,,,,5,,,,,,1,3,3075,中村裕将,54,埼玉,54.0,A2,6.34,51.26,5.44,44.44,37,23.88,13,42.74,6,,,,,,6,,,,,,3,4,3427,大賀広幸,50,山口,49.0,A1,6.8,53.28,6.8,60.0,25,36.43,74,36.36,3,,,,,,1,2,,,,,,5,3489,大場 敏,50,静岡,53.0,A1,7.24,58.82,6.7,45.0,38,38.76,15,30.09,5,,,,,,3,2,,,,,,6,3200,熊谷直樹,52,東京,51.0,A1,6.78,60.38,7.72,67.44,65,30.36,34,24.39,4,3,3,,,,2,,,,,,
201704130908,１Ｒ  予選          Ｈ１８００ｍ  電話投票締切予定１０：３０,第3日,2017-04-13,ボートレース津,8R,予選,1800,14:06,1,2876,鈴木幸夫,59,愛知,53.0,A2,6.03,43.22,5.85,39.39,41,34.86,70,37.4,5,,,,,,5,6,,,,,,2,3070,山室展弘,55,岡山,50.0,A1,6.67,50.43,7.25,60.78,69,32.11,73,31.11,1,2,4,,,,,,,,,,,3,3360,原田富士,48,福岡,53.0,A1,6.6,49.35,5.63,40.63,36,33.87,29,33.88,1,,,,,,6,5,,,,,,4,3463,乙津康志,49,東京,51.0,A2,5.89,43.3,,,46,39.42,75,36.44,5,,,,,,4,,,,,,2,5,3290,倉谷和信,53,大阪,52.0,A1,6.45,45.92,,,62,32.28,67,39.37,5,1,1,,,,4,,,,,,,6,3159,江口晃生,52,群馬,54.0,A1,8.18,71.43,7.15,57.5,14,45.05,46,41.67,1,,,,,,2,4,,,,,
201704130909,１Ｒ  予選          Ｈ１８００ｍ  電話投票締切予定１０：３０,第3日,2017-04-13,ボートレース津,9R,予選,1800,14:40,1,3522,長溝一生,48,佐賀,52.0,A1,6.43,47.97,6.08,43.24,33,24.79,19,31.09,6,,,,,,3,5,,,,,,2,3232,山川美由,50,香川,47.0,A1,7.43,61.48,7.65,65.22,47,30.77,14,35.48,2,2,5,,,,,,,,,,,3,3010,大嶋一也,59,愛知,51.0,A1,6.28,46.28,6.76,51.52,32,45.38,17,31.2,4,6,4,,,,1,,,,,,,4,3381,滝沢芳行,48,埼玉,51.0,A2,6.09,46.15,6.26,48.15,43,27.91,71,29.69,4,,,,,,4,,,,,,3,5,2992,今村 豊,55,山口,51.0,A1,7.27,59.3,7.44,33.33,24,39.09,52,40.91,4,,,,,,1,1,,,,,,6,3379,打越 晶,48,福岡,54.0,A1,6.47,50.43,6.83,50.0,35,30.89,38,28.97,5,4,2,,,,,,,,,,
201704130910,１Ｒ  予選          Ｈ１８００ｍ  電話投票締切予定１０：３０,第3日,2017-04-13,ボートレース津,10R,予選,1800,15:16,1,3251,平石和男,50,埼玉,51.0,A1,6.76,52.08,6.3,39.13,19,28.69,53,32.54,6,3,4,,,,,,,,,,,2,3517,高橋 勲,49,東京,57.0,A1,6.08,53.54,8.1,70.0,26,33.59,39,34.34,3,4,5,,,,3,,,,,,,3,3256,三角哲男,50,東京,52.0,A1,7.17,56.52,7.63,66.67,29,35.65,66,37.4,2,,,,,,2,3,,,,,,4,3304,烏野賢太,49,徳島,51.0,A1,6.87,51.43,6.84,55.26,30,42.5,36,40.77,5,3,2,,,,5,,,,,,,5,3278,山田 豊,50,滋賀,52.0,A2,5.95,45.0,6.09,36.36,53,36.29,35,31.48,1,,,,,,1,,,,,,4,6,3401,上田隆章,49,香川,53.0,A2,5.72,33.59,6.04,44.44,73,32.85,58,36.89,4,,,,,,2,,,,,,6
201704130911,１Ｒ  予選          Ｈ１８００ｍ  電話投票締切予定１０：３０,第3日,2017-04-13,ボートレース津,11R,予選,1800,15:54,1,3022,西山昇一,56,愛知,53.0,A1,7.06,54.46,7.28,58.14,17,42.24,45,38.52,6,,,,,,3,3,,,,,,2,3541,三嶌誠司,48,香川,52.0,A1,6.9,47.69,7.5,66.67,59,27.64,23,35.2,6,5,2,,,,3,,,,,,,3,3212,亀本勇樹,55,広島,58.0,A1,5.74,36.17,5.57,32.14,23,31.01,50,32.0,1,,,,,,6,,,,,,6,4,3329,作野 恒,49,愛知,51.0,A1,6.39,45.56,5.84,36.84,21,37.29,12,33.62,5,1,2,,,,,,,,,,,5,3391,鈴木茂正,51,東京,53.0,A2,6.17,45.71,5.82,47.06,63,35.45,44,48.91,2,,,,,,1,,,,,,5,6,3349,吉田一郎,49,長崎,52.0,A1,6.71,49.55,7.04,48.15,11,22.73,63,48.89,2,3,3,,,,,,,,,,
201704130912,１Ｒ  予選          Ｈ１８００ｍ  電話投票締切予定１０：３０,第3日,2017-04-13,ボートレース津,12R,予選,1800,16:34,1,3024,西島義則,55,広島,54.0,A1,7.34,58.76,7.45,65.52,60,37.19,18,37.82,3,,,,,,1,,,,,,,2,3514,山一鉄也,49,福岡,52.0,A1,7.16,60.16,6.79,60.61,18,43.97,69,29.51,1,6,1,,,,,,,,,,,3,3297,藤丸光一,50,福岡,49.0,A1,6.5,50.0,3.88,,27,30.58,41,32.56,2,4,5,,,,7,,,,,,,4,3295,濱村芳宏,50,徳島,52.0,A1,6.35,48.67,7.4,50.0,39,30.84,51,37.04,1,,,,,,6,,,,,,5,5,3385,渡邉睦広,48,東京,52.0,A1,6.58,48.31,5.29,35.71,70,37.5,37,33.9,2,2,3,,,,4,,,,,,,6,3327,野長瀬正,49,静岡,52.0,A1,6.88,47.83,5.97,35.29,58,58.18,26,33.6,3,1,1,,,,,,,,,,
201704130601,１Ｒ  予選          Ｈ１８００ｍ  電話投票締切予定１１：３２,第1日,2017-04-13,ボートレース浜名湖,1R,予選,1800,11:32,1,3235,鈴木唯由,55,群馬,50.0,B1,3.55,16.67,3.87,22.58,57,,38,38.52,6,,,,,,,,,,,,,2,3309,大塚信行,53,東京,55.0,B1,3.55,16.25,4.1,17.5,46,,44,34.71,,,,,,,,,,,,,,3,4636,赤池修平,27,徳島,53.0,B1,4.27,22.22,,,34,16.67,18,39.5,9,,,,,,,,,,,,,4,3493,小島幸弘,49,大阪,52.0,B1,3.55,21.43,4.96,34.78,14,42.86,54,26.09,7,,,,,,,,,,,,,5,2844,田中伸二,59,広島,52.0,B1,3.68,16.67,,,18,,46,28.1,8,,,,,,,,,,,,,6,3924,平井紀之,41,東京,62.0,B2,3.93,17.78,2.0,,43,42.86,29,28.93,,,,,,,,,,,,,
201704130602,１Ｒ  予選          Ｈ１８００ｍ  電話投票締切予定１１：３２,第1日,2017-04-13,ボートレース浜名湖,2R,予選,1800,11:58,1,3880,浅見宗孝,44,埼玉,58.0,B1,5.05,26.37,4.43,17.39,48,,43,26.27,1,1,,,,,,,,,,,,2,3408,大貫英治,47,東京,51.0,B2,3.82,14.29,4.5,27.78,51,,51,25.64,8,,,,,,,,,,,,,3,4442,松竹大輔,30,愛知,51.0,A2,6.2,43.44,4.11,21.05,63,,41,38.52,9,,,,,,,,,,,,,4,4880,澤崎雄哉,21,東京,51.0,B2,2.84,6.98,2.15,10.0,66,,57,40.98,,,,,,,,,,,,,,5,4209,藤田竜弘,34,静岡,59.0,A2,5.63,36.72,5.42,32.11,35,,55,36.67,1,0,,,,,,,,,,,,6,3797,岩井 繁,43,広島,59.0,B1,4.24,22.5,4.21,21.43,50,,24,29.41,7,,,,,,,,,,,,
201704130603,１Ｒ  予選          Ｈ１８００ｍ  電話投票締切予定１１：３２,第1日,2017-04-13,ボートレース浜名湖,3R,予選,1800,12:25,1,4314,青木幸太,32,福岡,51.0,B1,6.21,48.35,5.0,28.57,4,,63,39.5,,,,,,,,,,,,,,2,4114,深澤達徳,36,東京,55.0,A2,4.37,23.08,5.36,35.71,24,28.57,20,44.26,1,1,,,,,,,,,,,,3,4818,伏見俊介,25,東京,54.0,B1,3.64,16.39,3.0,,38,14.29,22,26.45,7,,,,,,,,,,,,,4,3559,水長照雄,49,山口,51.0,B1,5.53,38.37,5.26,31.48,6,,75,28.93,,,,,,,,,,,,,,5,3892,草場康幸,41,佐賀,53.0,A2,5.81,40.95,6.47,46.88,7,20.0,56,41.8,9,,,,,,,,,,,,,6,4285,伴 将典,32,愛知,57.0,B1,4.18,22.08,4.07,18.18,53,,23,34.19,1,0,,,,,,,,,,,
201704130604,１Ｒ  予選          Ｈ１８００ｍ  電話投票締切予定１１：３２,第1日,2017-04-13,ボートレース浜名湖,4R,ランチタイム,1800,12:54,1,3939,渡辺真至,39,愛知,54.0,A1,6.18,41.96,6.46,48.57,32,57.14,72,36.07,1,2,,,,,,,,,,,,2,3286,坂東 満,48,静岡,54.0,B1,5.3,28.77,5.71,38.68,39,,64,32.73,8,,,,,,,,,,,,,3,4309,坂口明義,33,香川,52.0,B1,4.48,23.75,3.71,28.57,47,,31,32.79,,,,,,,,,,,,,,4,3609,泉 祥史,44,岡山,57.0,B1,2.98,6.15,1.5,,60,,47,28.1,1,1,,,,,,,,,,,,5,3691,加藤知弘,46,群馬,57.0,B1,4.91,22.77,5.12,24.0,10,14.29,34,28.93,,,,,,,,,,,,,,6,3498,白石浩二,48,兵庫,49.0,B1,5.0,30.91,4.39,17.86,55,,70,35.65,1,0,,,,,,,,,,,
201704130605,１Ｒ  予選          Ｈ１８００ｍ  電話投票締切予定１１：３２,第1日,2017-04-13,ボートレース浜名湖,5R,予選,1800,13:24,1,2841,吉田 稔,60,群馬,51.0,B1,4.94,26.97,5.12,23.53,62,,25,50.83,,,,,,,,,,,,,,2,4555,富永大一,27,福岡,52.0,B1,4.26,18.52,5.13,25.0,3,16.67,32,24.17,,,,,,,,,,,,,,3,3788,一宮稔弘,45,徳島,53.0,A1,6.64,47.06,9.38,87.5,54,,59,26.45,1,2,,,,,,,,,,,,4,3731,高濱芳久,43,広島,52.0,A2,6.88,52.99,6.4,48.94,8,16.67,17,39.67,1,0,,,,,,,,,,,,5,3846,藤井 理,40,山口,60.0,B1,4.07,14.29,4.47,20.0,25,33.33,14,34.43,9,,,,,,,,,,,,,6,4459,片岡雅裕,31,香川,52.0,A2,6.41,45.52,,,12,,67,39.34,1,1,,,,,,,,,,,
201704130606,１Ｒ  予選          Ｈ１８００ｍ  電話投票締切予定１１：３２,第1日,2017-04-13,ボートレース浜名湖,6R,予選,1800,13:54,1,4475,末永祐輝,29,山口,53.0,A2,5.52,33.04,5.33,33.33,58,,76,28.97,1,0,,,,,,,,,,,,2,4693,松下誉士,33,福岡,51.0,B1,4.18,20.88,3.7,13.04,56,,28,38.52,,,,,,,,,,,,,,3,4271,川崎公靖,34,広島,53.0,B1,4.77,24.14,5.29,42.86,9,14.29,36,27.43,,,,,,,,,,,,,,4,3915,繁野谷圭,42,大阪,52.0,A2,6.04,43.65,5.63,40.0,65,,45,25.0,1,1,,,,,,,,,,,,5,3235,鈴木唯由,55,群馬,50.0,B1,3.55,16.67,3.87,22.58,57,,38,38.52,1,,,,,,,,,,,,,6,3412,鈴木 博,47,埼玉,54.0,A1,7.01,56.43,7.13,54.84,23,28.57,68,33.64,1,2,,,,,,,,,,,
201704130607,１Ｒ  予選          Ｈ１８００ｍ  電話投票締切予定１１：３２,第1日,2017-04-13,ボートレース浜名湖,7R,予選,1800,14:25,1,3699,富永正人,44,埼玉,53.0,A2,4.84,32.22,5.82,42.86,31,14.29,50,39.5,,,,,,,,,,,,,,2,4818,伏見俊介,25,東京,54.0,B1,3.64,16.39,3.0,,38,14.29,22,26.45,3,,,,,,,,,,,,,3,3493,小島幸弘,49,大阪,52.0,B1,3.55,21.43,4.96,34.78,14,42.86,54,26.09,1,,,,,,,,,,,,,4,3797,岩井 繁,43,広島,59.0,B1,4.24,22.5,4.21,21.43,50,,24,29.41,2,,,,,,,,,,,,,5,4500,山田康二,29,佐賀,54.0,A1,6.83,52.27,7.73,60.0,61,,53,27.87,1,2,,,,,,,,,,,,6,4179,広次 修,34,山口,50.0,A2,5.89,41.55,5.43,28.57,20,16.67,33,42.98,,,,,,,,,,,,,
201704130608,１Ｒ  予選          Ｈ１８００ｍ  電話投票締切予定１１：３２,第1日,2017-04-13,ボートレース浜名湖,8R,予選,1800,14:56,1,2844,田中伸二,59,広島,52.0,B1,3.68,16.67,,,18,,46,28.1,1,,,,,,,,,,,,,2,4042,丸岡正典,37,大阪,52.0,A1,6.54,40.71,7.4,51.43,52,,15,38.84,1,2,,,,,,,,,,,,3,4485,楠原正剛,30,福岡,53.0,A2,5.44,35.71,5.55,40.91,26,14.29,39,33.93,,,,,,,,,,,,,,4,3286,坂東 満,48,静岡,54.0,B1,5.3,28.77,5.71,38.68,39,,64,32.73,4,,,,,,,,,,,,,5,4215,吉島祥之,32,愛知,54.0,A2,5.92,42.86,5.35,33.33,49,,21,31.09,,,,,,,,,,,,,,6,3408,大貫英治,47,東京,51.0,B2,3.82,14.29,4.5,27.78,51,,51,25.64,2,,,,,,,,,,,,
201704130609,１Ｒ  予選          Ｈ１８００ｍ  電話投票締切予定１１：３２,第1日,2017-04-13,ボートレース浜名湖,9R,予選 進入固定 Ｈ１８０,ｍ電,15:27,1,3454,井川大作,46,岡山,54.0,A2,6.22,45.61,5.0,26.67,64,,13,27.83,,,,,,,,,,,,,,2,3846,藤井 理,40,山口,60.0,B1,4.07,14.29,4.47,20.0,25,33.33,14,34.43,5,,,,,,,,,,,,,3,4311,岡村 仁,33,大阪,54.0,A1,6.8,51.55,6.81,50.0,59,,11,25.23,1,2,,,,,,,,,,,,4,3892,草場康幸,41,佐賀,53.0,A2,5.81,40.95,6.47,46.88,7,20.0,56,41.8,3,,,,,,,,,,,,,5,4442,松竹大輔,30,愛知,51.0,A2,6.2,43.44,4.11,21.05,63,,41,38.52,2,,,,,,,,,,,,,6,4636,赤池修平,27,徳島,53.0,B1,4.27,22.22,,,34,16.67,18,39.5,1,,,,,,,,,,,,
201704130610,１Ｒ  予選          Ｈ１８００ｍ  電話投票締切予定１１：３２,第1日,2017-04-13,ボートレース浜名湖,10R,予選特賞,1800,15:59,1,4209,藤田竜弘,34,静岡,59.0,A2,5.63,36.72,5.42,32.11,35,,55,36.67,2,,,,,,,,,,,,,2,4285,伴 将典,32,愛知,57.0,B1,4.18,22.08,4.07,18.18,53,,23,34.19,3,,,,,,,,,,,,,3,4104,木下陽介,37,東京,57.0,A2,6.13,42.57,6.31,46.15,27,42.86,58,31.4,,,,,,,,,,,,,,4,3498,白石浩二,48,兵庫,49.0,B1,5.0,30.91,4.39,17.86,55,,70,35.65,4,,,,,,,,,,,,,5,4475,末永祐輝,29,山口,53.0,A2,5.52,33.04,5.33,33.33,58,,76,28.97,6,,,,,,,,,,,,,6,3731,高濱芳久,43,広島,52.0,A2,6.88,52.99,6.4,48.94,8,16.67,17,39.67,5,,,,,,,,,,,,
201704130611,１Ｒ  予選          Ｈ１８００ｍ  電話投票締切予定１１：３２,第1日,2017-04-13,ボートレース浜名湖,11R,予選特選,1800,16:31,1,3915,繁野谷圭,42,大阪,52.0,A2,6.04,43.65,5.63,40.0,65,,45,25.0,6,,,,,,,,,,,,,2,3609,泉 祥史,44,岡山,57.0,B1,2.98,6.15,1.5,,60,,47,28.1,4,,,,,,,,,,,,,3,4459,片岡雅裕,31,香川,52.0,A2,6.41,45.52,,,12,,67,39.34,5,,,,,,,,,,,,,4,4446,和田兼輔,30,兵庫,51.0,A1,5.9,37.38,6.88,43.75,41,33.33,30,34.75,,,,,,,,,,,,,,5,3880,浅見宗孝,44,埼玉,58.0,B1,5.05,26.37,4.43,17.39,48,,43,26.27,2,,,,,,,,,,,,,6,4114,深澤達徳,36,東京,55.0,A2,4.37,23.08,5.36,35.71,24,28.57,20,44.26,3,,,,,,,,,,,,
201704130612,１Ｒ  予選          Ｈ１８００ｍ  電話投票締切予定１１：３２,第1日,2017-04-13,ボートレース浜名湖,12R,ドリーム戦,1800,17:04,1,4042,丸岡正典,37,大阪,52.0,A1,6.54,40.71,7.4,51.43,52,,15,38.84,8,,,,,,,,,,,,,2,3412,鈴木 博,47,埼玉,54.0,A1,7.01,56.43,7.13,54.84,23,28.57,68,33.64,6,,,,,,,,,,,,,3,3939,渡辺真至,39,愛知,54.0,A1,6.18,41.96,6.46,48.57,32,57.14,72,36.07,4,,,,,,,,,,,,,4,4500,山田康二,29,佐賀,54.0,A1,6.83,52.27,7.73,60.0,61,,53,27.87,7,,,,,,,,,,,,,5,3788,一宮稔弘,45,徳島,53.0,A1,6.64,47.06,9.38,87.5,54,,59,26.45,5,,,,,,,,,,,,,6,4311,岡村 仁,33,大阪,54.0,A1,6.8,51.55,6.81,50.0,59,,11,25.23,9,,,,,,,,,,,,
201704130201,１Ｒ  予選          Ｈ１８００ｍ  電話投票締切予定１１：０１,第3日,2017-04-13,ボートレース戸田,1R,予選,1800,11:01,1,4898,菊地敬介,25,埼玉,61.0,B2,2.48,3.85,1.69,2.22,6,27.5,27,26.09,6,,,,,,6,,,,,,6,2,4788,小池哲也,27,大阪,54.0,B1,3.55,10.77,,,47,28.91,65,34.29,4,5,6,,,,,,,,,,,3,4833,吉崎悠司,29,福井,54.0,B1,3.37,12.0,,,43,26.18,66,31.06,,,,,,,6,,,,,,9,4,4862,武藤直志,28,群馬,56.0,B2,2.67,4.44,2.39,4.35,57,25.53,15,33.33,5,,,,,,5,,,,,,5,5,4766,石井孝之,26,群馬,57.0,B2,3.19,16.67,2.37,5.71,36,37.02,47,35.29,3,,,,,,6,,,,,,7,6,4809,外崎 悟,28,埼玉,52.0,B1,3.44,9.09,3.15,7.48,7,30.32,32,33.14,3,,,,,,2,4,,,,,
201704130202,１Ｒ  予選          Ｈ１８００ｍ  電話投票締切予定１１：０１,第3日,2017-04-13,ボートレース戸田,2R,予選,1800,11:26,1,4777,五十嵐一,33,山口,51.0,B1,3.91,14.29,,,9,29.19,69,22.06,5,,,,,,5,,,,,,7,2,4840,鈴木秀茉,25,静岡,51.0,B2,2.29,1.59,1.67,,15,25.27,24,34.13,6,,,,,,3,,,,,,10,3,4695,尾崎雄二,31,長崎,54.0,B1,4.42,16.67,,,40,18.63,31,30.59,6,,,,,,5,3,,,,,,4,4586,磯部 誠,26,愛知,54.0,A1,6.83,49.07,6.22,34.78,61,37.79,58,29.7,3,3,1,,,,8,,,,,,,5,4667,土屋幸宏,33,埼玉,52.0,B1,3.87,17.39,4.07,20.0,11,38.74,14,43.87,1,,,,,,5,6,,,,,,6,4778,堤 啓輔,31,佐賀,51.0,B1,2.97,7.35,,,60,29.47,43,40.45,4,,,,,,1,2,,,,,
201704130203,１Ｒ  予選          Ｈ１８００ｍ  電話投票締切予定１１：０１,第3日,2017-04-13,ボートレース戸田,3R,予選,1800,11:52,1,4649,和田操拓,32,滋賀,50.0,B1,5.03,31.62,3.83,16.67,31,27.78,30,33.72,4,4,,,,,1,1,,,,,,2,4750,井上尚悟,29,大阪,52.0,B1,4.04,18.31,,,24,41.75,17,26.32,5,,,,,,4,4,,,,,,3,4704,河野 大,28,徳島,51.0,A2,5.77,38.46,5.67,50.0,55,30.59,38,28.03,3,6,6,,,,1,2,,,,,,4,4859,染川直哉,29,埼玉,52.0,B2,2.31,3.64,1.94,6.45,1,18.89,41,40.26,6,,,,,,2,,,,,,7,5,4682,大上卓人,26,広島,52.0,B1,6.45,49.09,5.29,42.86,46,29.9,63,26.06,2,2,2,,,,8,,,,,,,6,4787,椎名 豊,28,群馬,51.0,A2,6.21,48.76,4.42,23.08,62,37.7,70,35.43,1,6,1,,,,1,0,,,,,
201704130204,１Ｒ  予選          Ｈ１８００ｍ  電話投票締切予定１１：０１,第3日,2017-04-13,ボートレース戸田,4R,予選,1800,12:19,1,4644,山田亮太,38,東京,53.0,B1,5.79,36.47,5.68,45.95,32,20.83,26,29.38,1,3,2,,,,8,,,,,,,2,4702,三浦敬太,29,東京,51.0,A2,6.31,49.49,6.78,50.0,5,38.83,59,27.61,4,,,,,,2,6,,,,,9,3,4836,大谷健太,28,埼玉,51.0,B1,4.69,24.0,4.31,20.66,29,24.69,21,29.76,2,4,,,,,,,,,,,,4,4816,村松修二,26,広島,54.0,A2,5.83,38.89,4.0,23.08,21,30.69,39,29.94,5,,,,,,2,2,,,,,12,5,4713,白神 優,26,岡山,53.0,A2,6.09,42.73,3.5,30.0,8,38.42,37,34.76,1,2,3,,,,1,1,,,,,,6,4786,佐藤博亮,29,愛知,53.0,A2,6.47,48.74,4.35,25.0,38,36.24,28,29.11,5,5,,,,,,,,,,,
201704130205,１Ｒ  予選          Ｈ１８００ｍ  電話投票締切予定１１：０１,第3日,2017-04-13,ボートレース戸田,5R,予選,1800,12:47,1,4813,宮内直哉,27,東京,54.0,B1,3.76,17.33,3.1,16.67,52,36.6,11,36.36,2,,,,,,5,5,,,,,,2,4782,浜崎準也,30,岡山,51.0,B1,4.06,16.67,,,28,30.43,57,31.93,5,,,,,,1,,,,,,12,3,4740,齋藤達希,25,静岡,52.0,B1,4.31,18.75,3.69,13.79,45,24.86,73,24.24,5,6,3,,,,,,,,,,,4,4715,村上 遼,24,長崎,50.0,A2,4.9,26.74,5.35,38.71,56,32.56,54,39.08,4,,,,,,3,6,,,,,9,5,4862,武藤直志,28,群馬,56.0,B2,2.67,4.44,2.39,4.35,57,25.53,15,33.33,5,,,,,,5,,,,,,1,6,4573,佐藤 翼,28,埼玉,53.0,A1,6.28,42.31,6.4,44.85,12,20.69,33,38.89,1,5,1,4,,,1,1,,,,,
201704130206,１Ｒ  予選          Ｈ１８００ｍ  電話投票締切予定１１：０１,第3日,2017-04-13,ボートレース戸田,6R,予選,1800,13:16,1,4661,中島昂章,25,佐賀,50.0,B1,4.77,26.51,4.38,12.5,14,35.19,19,32.93,3,3,,,,,,,,,,,,2,4898,菊地敬介,25,埼玉,61.0,B2,2.48,3.85,1.69,2.22,6,27.5,27,26.09,6,,,,,,6,,,,,,1,3,4815,伏島祐介,26,東京,51.0,B1,3.64,10.81,2.86,5.71,20,33.03,56,32.35,2,,,,,,4,5,,,,,,4,4789,古賀智之,27,福岡,51.0,B1,4.58,22.5,5.17,33.33,48,32.66,18,37.72,1,,,,,,3,4,,,,,10,5,4686,丸野一樹,25,滋賀,53.0,A1,6.51,45.86,5.38,31.25,3,25.0,29,22.52,1,1,1,4,,,1,2,,,,,,6,4688,永井彪也,24,東京,52.0,A2,6.16,43.43,6.13,51.28,17,30.77,68,47.62,2,1,3,,,,1,1,,,,,
201704130207,１Ｒ  予選          Ｈ１８００ｍ  電話投票締切予定１１：０１,第3日,2017-04-13,ボートレース戸田,7R,予選,1800,13:46,1,4545,岡村慶太,29,福岡,54.0,A1,6.73,52.8,6.27,43.24,26,24.48,16,29.63,4,2,1,3,,,,,,,,,,2,4876,梅木敬太,22,福井,51.0,B1,2.77,3.33,,,34,40.0,36,24.69,4,,,,,,5,4,,,,,,3,4777,五十嵐一,33,山口,51.0,B1,3.91,14.29,,,9,29.19,69,22.06,5,,,,,,5,,,,,,2,4,4766,石井孝之,26,群馬,57.0,B2,3.19,16.67,2.37,5.71,36,37.02,47,35.29,3,,,,,,6,,,,,,1,5,4803,飯田庄吾,23,福岡,55.0,B1,4.33,20.9,,,2,31.11,46,32.12,6,,,,,,6,3,,,,,,6,4859,染川直哉,29,埼玉,52.0,B2,2.31,3.64,1.94,6.45,1,18.89,41,40.26,6,,,,,,2,,,,,,3
201704130208,１Ｒ  予選          Ｈ１８００ｍ  電話投票締切予定１１：０１,第3日,2017-04-13,ボートレース戸田,8R,予選,1800,14:16,1,4682,大上卓人,26,広島,52.0,B1,6.45,49.09,5.29,42.86,46,29.9,63,26.06,2,2,2,,,,3,,,,,,,2,4644,山田亮太,38,東京,53.0,B1,5.79,36.47,5.68,45.95,32,20.83,26,29.38,1,3,2,,,,4,,,,,,,3,4831,羽野直也,22,福岡,54.0,A2,6.11,41.67,,,18,33.77,72,34.94,3,,,,,,1,1,,,,,12,4,4706,三浦洋次,28,愛知,49.0,B1,5.02,28.28,5.27,40.0,58,40.34,13,23.38,1,2,5,,,,,,,,,,,5,4697,國弘翔平,30,福岡,49.0,B1,4.13,18.03,4.67,29.17,30,23.47,20,31.88,3,5,5,,,,,,,,,,,6,4586,磯部 誠,26,愛知,54.0,A1,6.83,49.07,6.22,34.78,61,37.79,58,29.7,3,3,1,,,,2,,,,,,
201704130209,１Ｒ  予選          Ｈ１８００ｍ  電話投票締切予定１１：０１,第3日,2017-04-13,ボートレース戸田,9R,予選,1800,14:47,1,4702,三浦敬太,29,東京,51.0,A2,6.31,49.49,6.78,50.0,5,38.83,59,27.61,4,,,,,,2,6,,,,,4,2,4833,吉崎悠司,29,福井,54.0,B1,3.37,12.0,,,43,26.18,66,31.06,,,,,,,6,,,,,,1,3,4848,仲谷颯仁,22,福岡,50.0,A2,6.41,44.44,5.33,22.22,33,40.27,49,35.67,2,1,2,,,,,,,,,,,4,4886,入海 馨,21,岡山,55.0,B1,4.56,20.43,,,42,26.92,52,34.12,4,,,,,,3,6,,,,,,5,4715,村上 遼,24,長崎,50.0,A2,4.9,26.74,5.35,38.71,56,32.56,54,39.08,4,,,,,,3,6,,,,,5,6,4549,小林文彦,28,福岡,54.0,A1,5.84,42.74,5.06,31.25,54,33.03,67,21.43,6,6,,,,,,,,,,,
201704130210,１Ｒ  予選          Ｈ１８００ｍ  電話投票締切予定１１：０１,第3日,2017-04-13,ボートレース戸田,10R,戸田特賞,1800,15:20,1,4579,中嶋健一,27,三重,53.0,A1,6.48,49.32,5.38,32.0,23,34.24,44,31.14,4,4,4,2,,,,,,,,,,2,4650,中山雄太,32,愛知,52.0,A2,5.97,44.25,5.0,33.33,59,33.8,55,40.0,1,,,,,,2,1,,,,,,3,4787,椎名 豊,28,群馬,51.0,A2,6.21,48.76,4.42,23.08,62,37.7,70,35.43,1,6,1,,,,3,,,,,,,4,4840,鈴木秀茉,25,静岡,51.0,B2,2.29,1.59,1.67,,15,25.27,24,34.13,6,,,,,,3,,,,,,2,5,4789,古賀智之,27,福岡,51.0,B1,4.58,22.5,5.17,33.33,48,32.66,18,37.72,1,,,,,,3,4,,,,,6,6,4759,今泉友吾,27,東京,52.0,A2,6.23,41.77,5.4,36.0,27,30.69,40,34.76,4,4,1,1,,,,,,,,,
201704130211,１Ｒ  予選          Ｈ１８００ｍ  電話投票締切予定１１：０１,第3日,2017-04-13,ボートレース戸田,11R,戸田特選,1800,15:54,1,4713,白神 優,26,岡山,53.0,A2,6.09,42.73,3.5,30.0,8,38.42,37,34.76,1,2,3,,,,4,,,,,,,2,4691,水原 慎,33,徳島,49.0,B1,4.62,25.77,3.95,28.57,35,37.77,53,33.53,3,2,,,,,,,,,,,,3,4688,永井彪也,24,東京,52.0,A2,6.16,43.43,6.13,51.28,17,30.77,68,47.62,2,1,3,,,,6,,,,,,,4,4573,佐藤 翼,28,埼玉,53.0,A1,6.28,42.31,6.4,44.85,12,20.69,33,38.89,1,5,1,4,,,5,,,,,,,5,4649,和田操拓,32,滋賀,50.0,B1,5.03,31.62,3.83,16.67,31,27.78,30,33.72,4,4,,,,,3,,,,,,,6,4817,渡邉 翼,25,山口,49.0,A2,5.59,35.59,6.43,57.14,53,28.42,22,29.38,3,,,,,,3,,,,,,
201704130212,１Ｒ  予選          Ｈ１８００ｍ  電話投票締切予定１１：０１,第3日,2017-04-13,ボートレース戸田,12R,記者選抜戦,1800,16:29,1,4686,丸野一樹,25,滋賀,53.0,A1,6.51,45.86,5.38,31.25,3,25.0,29,22.52,1,1,1,4,,,6,,,,,,,2,4704,河野 大,28,徳島,51.0,A2,5.77,38.46,5.67,50.0,55,30.59,38,28.03,3,6,6,,,,3,,,,,,,3,4782,浜崎準也,30,岡山,51.0,B1,4.06,16.67,,,28,30.43,57,31.93,5,,,,,,1,,,,,,5,4,4831,羽野直也,22,福岡,54.0,A2,6.11,41.67,,,18,33.77,72,34.94,3,,,,,,1,1,,,,,8,5,4895,門間雄大,25,東京,55.0,B2,3.37,7.94,1.78,,4,29.41,25,37.93,2,,,,,,2,3,,,,,,6,4816,村松修二,26,広島,54.0,A2,5.83,38.89,4.0,23.08,21,30.69,39,29.94,5,,,,,,2,2,,,,,4
201704130001,１Ｒ  一般          Ｈ１８００ｍ  電話投票締切予定１５：２１,第6日,2017-04-13,ボートレース桐生,1R,一般,1800,15:21,1,3419,栗原謙治,47,群馬,55.0,B1,4.68,27.0,5.25,31.53,11,29.63,61,20.0,6,4,3,,,,5,4,5,,,,4,2,3867,松浦 勝,41,愛知,56.0,B1,4.73,20.0,4.44,20.0,13,50.0,13,46.59,5,5,6,,,,4,2,6,,,,2,3,4457,神田達也,31,愛知,53.0,B1,3.88,18.75,4.48,32.0,27,36.23,28,34.94,1,,,,,,6,6,1,5,5,,6,4,3478,嶋田貴支,46,香川,53.0,A2,4.88,29.2,5.42,36.11,53,29.82,26,45.24,5,,,,,,5,6,3,6,4,,5,5,4834,浜本裕己,29,大阪,53.0,B1,2.55,7.58,4.0,11.11,50,28.0,12,39.08,6,,,,,,6,,,,,,666,6,4158,木場雄二,35,山口,56.0,B1,5.24,32.63,5.5,16.67,34,36.84,22,26.19,6,6,6,,,,5,1,3,,,,6
201704130002,１Ｒ  一般          Ｈ１８００ｍ  電話投票締切予定１５：２１,第6日,2017-04-13,ボートレース桐生,2R,一般,1800,15:47,1,4204,柴田大輔,34,福岡,51.0,A2,4.9,30.0,5.55,30.0,19,42.86,70,27.38,3,,,,,,5,4,5,5,4,,6,2,3910,松下知幸,43,香川,50.0,B1,5.44,36.99,5.75,43.75,41,58.18,19,32.22,3,2,2,,,,6,5,5,,,,2,3,3432,宮迫暢彦,48,大阪,53.0,A2,5.78,39.69,5.19,37.21,68,42.19,37,47.06,2,,,,,,5,4,4,1,4,,35,4,3790,佐口達也,44,群馬,54.0,B1,5.59,35.16,5.78,38.78,40,39.68,38,35.29,5,6,3,,,,3,3,6,,,,3,5,3120,竹村 明,55,大阪,53.0,B1,3.83,21.54,6.88,75.0,70,31.43,16,31.82,4,,,,,,2,4,4,,,,442,6,4905,土井祥伍,22,大阪,54.0,B2,2.32,2.9,,,32,30.99,15,31.03,3,,,,,,5,,,,,,536
201704130003,１Ｒ  一般          Ｈ１８００ｍ  電話投票締切予定１５：２１,第6日,2017-04-13,ボートレース桐生,3R,一般,1800,16:13,1,4389,伊藤喜智,31,大阪,51.0,B1,5.4,33.0,4.25,16.67,56,33.82,52,36.78,4,3,3,,,,1,5,1,,,,24,2,3653,品川賢次,43,群馬,56.0,A2,5.76,34.96,5.67,33.96,47,26.79,42,31.71,3,4,1,,,,5,,,,,,635,3,3977,山本兼士,39,大阪,48.0,A2,6.54,52.81,4.68,22.73,20,38.1,41,23.53,1,4,4,,,,4,,,,,,5434,4,3736,岡本 猛,43,大阪,51.0,A2,6.18,45.79,5.51,41.03,63,53.85,21,27.38,1,5,4,1,6,,1,4,1,5,,,10,5,4041,小林基樹,37,山口,54.0,B1,4.84,28.57,5.76,47.06,23,35.71,59,18.18,5,3,1,,,,2,6,4,,,,5,6,4567,上村慎太,29,山口,52.0,B1,3.89,18.57,4.33,22.22,28,39.06,23,31.03,4,,,,,,1,,,,,,465
201704130004,１Ｒ  一般          Ｈ１８００ｍ  電話投票締切予定１５：２１,第6日,2017-04-13,ボートレース桐生,4R,一般,1800,16:40,1,4276,鈴木勝博,34,愛知,52.0,A1,7.13,56.35,6.8,53.06,65,40.85,50,29.41,2,,,,,,2,1,2,5,5,5,11,2,4226,村田浩司,34,山口,52.0,B1,3.84,16.33,5.5,35.71,38,23.21,49,38.37,4,,,,,,4,5,3,,,,332,3,3684,清水攻二,43,山口,52.0,A2,5.89,39.8,5.62,38.46,62,42.31,30,22.99,5,,,,,,1,2,2,3,3,,16,4,3829,落合 純,43,福岡,54.0,B1,3.77,14.29,3.5,10.0,37,62.9,14,29.89,4,,,,,,6,,,,,,136,5,4060,島田一生,38,福岡,56.0,B1,4.31,23.81,4.89,33.33,42,27.59,55,35.23,3,5,6,,,,5,,,,,,521,6,4413,水摩 敦,30,福岡,50.0,A2,6.07,43.59,6.4,50.0,58,50.91,67,28.41,1,1,4,,,,1,,,,,,1213
201704130005,１Ｒ  一般          Ｈ１８００ｍ  電話投票締切予定１５：２１,第6日,2017-04-13,ボートレース桐生,5R,一般,1800,17:07,1,3578,塩田雄一,44,香川,50.0,A1,5.67,37.98,6.19,38.46,52,39.29,25,32.1,1,6,2,5,3,,1,6,5,6,,,10,2,3988,古川誠之,38,愛知,56.0,A2,6.1,39.71,5.73,39.39,64,35.0,24,27.71,4,4,6,,,,6,,,,,,345,3,4332,村上彰一,33,福岡,56.0,B1,4.51,20.0,5.17,16.67,14,27.12,71,36.05,3,,,,,,4,4,5,,,,1,4,4177,萬 正嗣,34,群馬,52.0,A2,6.13,43.56,6.8,51.58,75,48.98,29,31.46,1,,,,,,2,5,1,4,2,6,11,5,3867,松浦 勝,41,愛知,56.0,B1,4.73,20.0,4.44,20.0,13,50.0,13,46.59,5,5,6,,,,4,2,6,,,,2,6,3616,中村 真,44,福岡,54.0,B1,5.98,41.94,4.64,24.0,51,45.24,72,30.49,1,,,,,,3,2,3,,,,3535
201704130006,１Ｒ  一般          Ｈ１８００ｍ  電話投票締切予定１５：２１,第6日,2017-04-13,ボートレース桐生,6R,一般,1800,17:36,1,4330,奈須啓太,33,福岡,51.0,A1,7.31,64.15,6.48,51.72,49,37.1,46,38.1,5,5,1,1,3,,2,6,1,5,,,10,2,3419,栗原謙治,47,群馬,55.0,B1,4.68,27.0,5.25,31.53,11,29.63,61,20.0,6,4,3,,,,5,4,5,,,,4,3,3881,浦上拓也,44,大阪,53.0,B1,5.28,35.34,4.81,37.29,61,35.62,66,35.96,1,1,4,,,,6,,,,,,3542,4,4620,佐藤裕紀,33,大阪,55.0,B1,3.12,9.59,3.67,22.22,44,44.26,65,26.74,6,,,,,,5,4,4,,,,6,5,3790,佐口達也,44,群馬,54.0,B1,5.59,35.16,5.78,38.78,40,39.68,38,35.29,5,6,3,,,,3,3,6,,,,3,6,4943,八木治樹,26,愛知,54.0,B2,1.5,,2.0,,29,26.53,36,32.18,6,,,,,,3,,,,,,61656
201704130007,１Ｒ  一般          Ｈ１８００ｍ  電話投票締切予定１５：２１,第6日,2017-04-13,ボートレース桐生,7R,一般,1800,18:04,1,4643,近江翔吾,24,香川,53.0,A2,6.33,47.32,4.78,33.33,33,47.17,62,39.08,3,4,3,,,,2,,,,,,1316,2,3478,嶋田貴支,46,香川,53.0,A2,4.88,29.2,5.42,36.11,53,29.82,26,45.24,5,,,,,,5,6,3,6,4,,5,3,3782,伊藤 宏,41,福岡,56.0,A1,5.89,45.83,5.08,37.5,36,39.71,20,32.18,2,2,1,6,3,,2,4,1,4,,,11,4,4567,上村慎太,29,山口,52.0,B1,3.89,18.57,4.33,22.22,28,39.06,23,31.03,4,,,,,,1,,,,,,465,5,4772,石丸海渡,23,香川,57.0,B1,5.48,32.61,5.24,29.41,30,34.33,39,28.24,6,,,,,,2,3,2,,,,1146,6,3910,松下知幸,43,香川,50.0,B1,5.44,36.99,5.75,43.75,41,58.18,19,32.22,3,2,2,,,,6,5,5,,,,2
201704130008,１Ｒ  一般          Ｈ１８００ｍ  電話投票締切予定１５：２１,第6日,2017-04-13,ボートレース桐生,8R,一般,1800,18:33,1,4396,大田直弥,30,山口,54.0,A2,5.03,25.93,6.33,33.33,39,33.9,40,38.64,2,3,2,,,,2,,,,,,2664,2,4041,小林基樹,37,山口,54.0,B1,4.84,28.57,5.76,47.06,23,35.71,59,18.18,5,3,1,,,,2,6,4,,,,5,3,4060,島田一生,38,福岡,56.0,B1,4.31,23.81,4.89,33.33,42,27.59,55,35.23,3,5,6,,,,5,,,,,,521,4,4332,村上彰一,33,福岡,56.0,B1,4.51,20.0,5.17,16.67,14,27.12,71,36.05,3,,,,,,4,4,5,,,,1,5,4204,柴田大輔,34,福岡,51.0,A2,4.9,30.0,5.55,30.0,19,42.86,70,27.38,3,,,,,,5,4,5,5,4,,6,6,4834,浜本裕己,29,大阪,53.0,B1,2.55,7.58,4.0,11.11,50,28.0,12,39.08,6,,,,,,6,,,,,,666
201704130009,１Ｒ  一般          Ｈ１８００ｍ  電話投票締切予定１５：２１,第6日,2017-04-13,ボートレース桐生,9R,一般,1800,19:02,1,3988,古川誠之,38,愛知,56.0,A2,6.1,39.71,5.73,39.39,64,35.0,24,27.71,4,4,6,,,,6,,,,,,345,2,4457,神田達也,31,愛知,53.0,B1,3.88,18.75,4.48,32.0,27,36.23,28,34.94,1,,,,,,6,6,1,5,5,,6,3,3653,品川賢次,43,群馬,56.0,A2,5.76,34.96,5.67,33.96,47,26.79,42,31.71,3,4,1,,,,5,,,,,,635,4,4226,村田浩司,34,山口,52.0,B1,3.84,16.33,5.5,35.71,38,23.21,49,38.37,4,,,,,,4,5,3,,,,332,5,4905,土井祥伍,22,大阪,54.0,B2,2.32,2.9,,,32,30.99,15,31.03,3,,,,,,5,,,,,,536,6,3475,橋本久和,46,群馬,51.0,A2,6.53,48.74,6.28,43.59,60,50.88,60,35.9,6,2,3,1,4,,4,5,4,1,,,
201704130010,１Ｒ  一般          Ｈ１８００ｍ  電話投票締切予定１５：２１,第6日,2017-04-13,ボートレース桐生,10R,選抜戦,1800,19:33,1,3616,中村 真,44,福岡,54.0,B1,5.98,41.94,4.64,24.0,51,45.24,72,30.49,1,,,,,,3,2,3,,,,3535,2,4330,奈須啓太,33,福岡,51.0,A1,7.31,64.15,6.48,51.72,49,37.1,46,38.1,5,5,1,1,3,,2,6,1,5,,,6,3,3736,岡本 猛,43,大阪,51.0,A2,6.18,45.79,5.51,41.03,63,53.85,63,30.68,1,5,4,1,6,,1,4,1,5,,,3,4,3578,塩田雄一,44,香川,50.0,A1,5.67,37.98,6.19,38.46,52,39.29,25,32.1,1,6,2,5,3,,1,6,5,6,,,5,5,3684,清水攻二,43,山口,52.0,A2,5.89,39.8,5.62,38.46,62,42.31,30,22.99,5,,,,,,1,2,2,3,3,,16,6,4643,近江翔吾,24,香川,53.0,A2,6.33,47.32,4.78,33.33,33,47.17,62,39.08,3,4,3,,,,2,,,,,,1316
201704130011,１Ｒ  一般          Ｈ１８００ｍ  電話投票締切予定１５：２１,第6日,2017-04-13,ボートレース桐生,11R,桐生選抜戦,1800,20:05,1,4413,水摩 敦,30,福岡,50.0,A2,6.07,43.59,6.4,50.0,58,50.91,67,28.41,1,1,4,,,,1,,,,,,1213,2,4276,鈴木勝博,34,愛知,52.0,A1,7.13,56.35,6.8,53.06,65,40.85,50,29.41,2,,,,,,2,1,2,5,5,5,4,3,4177,萬 正嗣,34,群馬,52.0,A2,6.13,43.56,6.8,51.58,75,48.98,29,31.46,1,,,,,,2,5,1,4,2,6,5,4,4396,大田直弥,30,山口,54.0,A2,5.03,25.93,6.33,33.33,39,33.9,40,38.64,2,3,2,,,,2,,,,,,2664,5,3782,伊藤 宏,41,福岡,56.0,A1,5.89,45.83,5.08,37.5,36,39.71,20,32.18,2,2,1,6,3,,2,4,1,4,,,7,6,4389,伊藤喜智,31,大阪,51.0,B1,5.4,33.0,4.25,16.67,56,33.82,68,43.48,4,3,3,,,,1,5,1,,,,24
201704130012,１Ｒ  一般          Ｈ１８００ｍ  電話投票締切予定１５：２１,第6日,2017-04-13,ボートレース桐生,12R,優勝戦,1800,20:40,1,3997,北村征嗣,37,大阪,53.0,A1,6.29,38.21,6.3,45.0,43,34.38,44,36.47,2,,,,,,1,3,2,1,3,3,,2,4108,吉村正明,37,山口,50.0,A1,7.0,56.47,7.76,70.27,57,24.07,74,24.18,1,3,3,,,,1,2,4,1,4,1,,3,4099,吉永則雄,38,大阪,52.0,A1,6.28,45.37,7.28,56.41,24,45.1,75,35.96,2,4,2,,,,4,2,2,1,6,1,,4,3929,杢野誓良,41,愛知,51.0,A2,5.94,42.34,5.96,44.0,74,39.62,33,37.5,3,,,,,,2,4,1,4,1,2,,5,3813,佐藤大介,41,愛知,53.0,A1,6.53,45.8,5.94,41.51,21,37.29,48,55.17,2,5,3,,,,1,3,2,2,5,2,,6,4305,金子拓矢,33,群馬,53.0,A1,6.11,43.06,6.94,53.55,73,29.69,53,25.61,2,1,2,2,,,1,2,3,2,,,
