レースコード,レース日,レース場コード,レース回,艇1_登録番号,艇1_選手名,艇1_期別,艇1_支部,艇1_出身地,艇1_年齢,艇1_級別,艇1_賞除,艇1_F本数,艇1_L本数,艇1_全国平均ST,艇1_全国勝率,艇1_全国2連対率,艇1_全国3連対率,艇1_当地勝率,艇1_当地2連対率,艇1_当地3連対率,艇1_モーターフラグ,艇1_モーター番号,艇1_モーター2連対率,艇1_モーター3連対率,艇1_ボートフラグ,艇1_ボート番号,艇1_ボート2連対率,艇1_ボート3連対率,艇1_早見,艇1_節D1走1_R番号,艇1_節D1走1_進入,艇1_節D1走1_枠,艇1_節D1走1_ST,艇1_節D1走1_着順,艇1_節D1走2_R番号,艇1_節D1走2_進入,艇1_節D1走2_枠,艇1_節D1走2_ST,艇1_節D1走2_着順,艇1_節D2走1_R番号,艇1_節D2走1_進入,艇1_節D2走1_枠,艇1_節D2走1_ST,艇1_節D2走1_着順,艇1_節D2走2_R番号,艇1_節D2走2_進入,艇1_節D2走2_枠,艇1_節D2走2_ST,艇1_節D2走2_着順,艇1_節D3走1_R番号,艇1_節D3走1_進入,艇1_節D3走1_枠,艇1_節D3走1_ST,艇1_節D3走1_着順,艇1_節D3走2_R番号,艇1_節D3走2_進入,艇1_節D3走2_枠,艇1_節D3走2_ST,艇1_節D3走2_着順,艇1_節D4走1_R番号,艇1_節D4走1_進入,艇1_節D4走1_枠,艇1_節D4走1_ST,艇1_節D4走1_着順,艇1_節D4走2_R番号,艇1_節D4走2_進入,艇1_節D4走2_枠,艇1_節D4走2_ST,艇1_節D4走2_着順,艇1_節D5走1_R番号,艇1_節D5走1_進入,艇1_節D5走1_枠,艇1_節D5走1_ST,艇1_節D5走1_着順,艇1_節D5走2_R番号,艇1_節D5走2_進入,艇1_節D5走2_枠,艇1_節D5走2_ST,艇1_節D5走2_着順,艇1_節D6走1_R番号,艇1_節D6走1_進入,艇1_節D6走1_枠,艇1_節D6走1_ST,艇1_節D6走1_着順,艇1_節D6走2_R番号,艇1_節D6走2_進入,艇1_節D6走2_枠,艇1_節D6走2_ST,艇1_節D6走2_着順,艇1_節D7走1_R番号,艇1_節D7走1_進入,艇1_節D7走1_枠,艇1_節D7走1_ST,艇1_節D7走1_着順,艇1_節D7走2_R番号,艇1_節D7走2_進入,艇1_節D7走2_枠,艇1_節D7走2_ST,艇1_節D7走2_着順,艇2_登録番号,艇2_選手名,艇2_期別,艇2_支部,艇2_出身地,艇2_年齢,艇2_級別,艇2_賞除,艇2_F本数,艇2_L本数,艇2_全国平均ST,艇2_全国勝率,艇2_全国2連対率,艇2_全国3連対率,艇2_当地勝率,艇2_当地2連対率,艇2_当地3連対率,艇2_モーターフラグ,艇2_モーター番号,艇2_モーター2連対率,艇2_モーター3連対率,艇2_ボートフラグ,艇2_ボート番号,艇2_ボート2連対率,艇2_ボート3連対率,艇2_早見,艇2_節D1走1_R番号,艇2_節D1走1_進入,艇2_節D1走1_枠,艇2_節D1走1_ST,艇2_節D1走1_着順,艇2_節D1走2_R番号,艇2_節D1走2_進入,艇2_節D1走2_枠,艇2_節D1走2_ST,艇2_節D1走2_着順,艇2_節D2走1_R番号,艇2_節D2走1_進入,艇2_節D2走1_枠,艇2_節D2走1_ST,艇2_節D2走1_着順,艇2_節D2走2_R番号,艇2_節D2走2_進入,艇2_節D2走2_枠,艇2_節D2走2_ST,艇2_節D2走2_着順,艇2_節D3走1_R番号,艇2_節D3走1_進入,艇2_節D3走1_枠,艇2_節D3走1_ST,艇2_節D3走1_着順,艇2_節D3走2_R番号,艇2_節D3走2_進入,艇2_節D3走2_枠,艇2_節D3走2_ST,艇2_節D3走2_着順,艇2_節D4走1_R番号,艇2_節D4走1_進入,艇2_節D4走1_枠,艇2_節D4走1_ST,艇2_節D4走1_着順,艇2_節D4走2_R番号,艇2_節D4走2_進入,艇2_節D4走2_枠,艇2_節D4走2_ST,艇2_節D4走2_着順,艇2_節D5走1_R番号,艇2_節D5走1_進入,艇2_節D5走1_枠,艇2_節D5走1_ST,艇2_節D5走1_着順,艇2_節D5走2_R番号,艇2_節D5走2_進入,艇2_節D5走2_枠,艇2_節D5走2_ST,艇2_節D5走2_着順,艇2_節D6走1_R番号,艇2_節D6走1_進入,艇2_節D6走1_枠,艇2_節D6走1_ST,艇2_節D6走1_着順,艇2_節D6走2_R番号,艇2_節D6走2_進入,艇2_節D6走2_枠,艇2_節D6走2_ST,艇2_節D6走2_着順,艇2_節D7走1_R番号,艇2_節D7走1_進入,艇2_節D7走1_枠,艇2_節D7走1_ST,艇2_節D7走1_着順,艇2_節D7走2_R番号,艇2_節D7走2_進入,艇2_節D7走2_枠,艇2_節D7走2_ST,艇2_節D7走2_着順,艇3_登録番号,艇3_選手名,艇3_期別,艇3_支部,艇3_出身地,艇3_年齢,艇3_級別,艇3_賞除,艇3_F本数,艇3_L本数,艇3_全国平均ST,艇3_全国勝率,艇3_全国2連対率,艇3_全国3連対率,艇3_当地勝率,艇3_当地2連対率,艇3_当地3連対率,艇3_モーターフラグ,艇3_モーター番号,艇3_モーター2連対率,艇3_モーター3連対率,艇3_ボートフラグ,艇3_ボート番号,艇3_ボート2連対率,艇3_ボート3連対率,艇3_早見,艇3_節D1走1_R番号,艇3_節D1走1_進入,艇3_節D1走1_枠,艇3_節D1走1_ST,艇3_節D1走1_着順,艇3_節D1走2_R番号,艇3_節D1走2_進入,艇3_節D1走2_枠,艇3_節D1走2_ST,艇3_節D1走2_着順,艇3_節D2走1_R番号,艇3_節D2走1_進入,艇3_節D2走1_枠,艇3_節D2走1_ST,艇3_節D2走1_着順,艇3_節D2走2_R番号,艇3_節D2走2_進入,艇3_節D2走2_枠,艇3_節D2走2_ST,艇3_節D2走2_着順,艇3_節D3走1_R番号,艇3_節D3走1_進入,艇3_節D3走1_枠,艇3_節D3走1_ST,艇3_節D3走1_着順,艇3_節D3走2_R番号,艇3_節D3走2_進入,艇3_節D3走2_枠,艇3_節D3走2_ST,艇3_節D3走2_着順,艇3_節D4走1_R番号,艇3_節D4走1_進入,艇3_節D4走1_枠,艇3_節D4走1_ST,艇3_節D4走1_着順,艇3_節D4走2_R番号,艇3_節D4走2_進入,艇3_節D4走2_枠,艇3_節D4走2_ST,艇3_節D4走2_着順,艇3_節D5走1_R番号,艇3_節D5走1_進入,艇3_節D5走1_枠,艇3_節D5走1_ST,艇3_節D5走1_着順,艇3_節D5走2_R番号,艇3_節D5走2_進入,艇3_節D5走2_枠,艇3_節D5走2_ST,艇3_節D5走2_着順,艇3_節D6走1_R番号,艇3_節D6走1_進入,艇3_節D6走1_枠,艇3_節D6走1_ST,艇3_節D6走1_着順,艇3_節D6走2_R番号,艇3_節D6走2_進入,艇3_節D6走2_枠,艇3_節D6走2_ST,艇3_節D6走2_着順,艇3_節D7走1_R番号,艇3_節D7走1_進入,艇3_節D7走1_枠,艇3_節D7走1_ST,艇3_節D7走1_着順,艇3_節D7走2_R番号,艇3_節D7走2_進入,艇3_節D7走2_枠,艇3_節D7走2_ST,艇3_節D7走2_着順,艇4_登録番号,艇4_選手名,艇4_期別,艇4_支部,艇4_出身地,艇4_年齢,艇4_級別,艇4_賞除,艇4_F本数,艇4_L本数,艇4_全国平均ST,艇4_全国勝率,艇4_全国2連対率,艇4_全国3連対率,艇4_当地勝率,艇4_当地2連対率,艇4_当地3連対率,艇4_モーターフラグ,艇4_モーター番号,艇4_モーター2連対率,艇4_モーター3連対率,艇4_ボートフラグ,艇4_ボート番号,艇4_ボート2連対率,艇4_ボート3連対率,艇4_早見,艇4_節D1走1_R番号,艇4_節D1走1_進入,艇4_節D1走1_枠,艇4_節D1走1_ST,艇4_節D1走1_着順,艇4_節D1走2_R番号,艇4_節D1走2_進入,艇4_節D1走2_枠,艇4_節D1走2_ST,艇4_節D1走2_着順,艇4_節D2走1_R番号,艇4_節D2走1_進入,艇4_節D2走1_枠,艇4_節D2走1_ST,艇4_節D2走1_着順,艇4_節D2走2_R番号,艇4_節D2走2_進入,艇4_節D2走2_枠,艇4_節D2走2_ST,艇4_節D2走2_着順,艇4_節D3走1_R番号,艇4_節D3走1_進入,艇4_節D3走1_枠,艇4_節D3走1_ST,艇4_節D3走1_着順,艇4_節D3走2_R番号,艇4_節D3走2_進入,艇4_節D3走2_枠,艇4_節D3走2_ST,艇4_節D3走2_着順,艇4_節D4走1_R番号,艇4_節D4走1_進入,艇4_節D4走1_枠,艇4_節D4走1_ST,艇4_節D4走1_着順,艇4_節D4走2_R番号,艇4_節D4走2_進入,艇4_節D4走2_枠,艇4_節D4走2_ST,艇4_節D4走2_着順,艇4_節D5走1_R番号,艇4_節D5走1_進入,艇4_節D5走1_枠,艇4_節D5走1_ST,艇4_節D5走1_着順,艇4_節D5走2_R番号,艇4_節D5走2_進入,艇4_節D5走2_枠,艇4_節D5走2_ST,艇4_節D5走2_着順,艇4_節D6走1_R番号,艇4_節D6走1_進入,艇4_節D6走1_枠,艇4_節D6走1_ST,艇4_節D6走1_着順,艇4_節D6走2_R番号,艇4_節D6走2_進入,艇4_節D6走2_枠,艇4_節D6走2_ST,艇4_節D6走2_着順,艇4_節D7走1_R番号,艇4_節D7走1_進入,艇4_節D7走1_枠,艇4_節D7走1_ST,艇4_節D7走1_着順,艇4_節D7走2_R番号,艇4_節D7走2_進入,艇4_節D7走2_枠,艇4_節D7走2_ST,艇4_節D7走2_着順,艇5_登録番号,艇5_選手名,艇5_期別,艇5_支部,艇5_出身地,艇5_年齢,艇5_級別,艇5_賞除,艇5_F本数,艇5_L本数,艇5_全国平均ST,艇5_全国勝率,艇5_全国2連対率,艇5_全国3連対率,艇5_当地勝率,艇5_当地2連対率,艇5_当地3連対率,艇5_モーターフラグ,艇5_モーター番号,艇5_モーター2連対率,艇5_モーター3連対率,艇5_ボートフラグ,艇5_ボート番号,艇5_ボート2連対率,艇5_ボート3連対率,艇5_早見,艇5_節D1走1_R番号,艇5_節D1走1_進入,艇5_節D1走1_枠,艇5_節D1走1_ST,艇5_節D1走1_着順,艇5_節D1走2_R番号,艇5_節D1走2_進入,艇5_節D1走2_枠,艇5_節D1走2_ST,艇5_節D1走2_着順,艇5_節D2走1_R番号,艇5_節D2走1_進入,艇5_節D2走1_枠,艇5_節D2走1_ST,艇5_節D2走1_着順,艇5_節D2走2_R番号,艇5_節D2走2_進入,艇5_節D2走2_枠,艇5_節D2走2_ST,艇5_節D2走2_着順,艇5_節D3走1_R番号,艇5_節D3走1_進入,艇5_節D3走1_枠,艇5_節D3走1_ST,艇5_節D3走1_着順,艇5_節D3走2_R番号,艇5_節D3走2_進入,艇5_節D3走2_枠,艇5_節D3走2_ST,艇5_節D3走2_着順,艇5_節D4走1_R番号,艇5_節D4走1_進入,艇5_節D4走1_枠,艇5_節D4走1_ST,艇5_節D4走1_着順,艇5_節D4走2_R番号,艇5_節D4走2_進入,艇5_節D4走2_枠,艇5_節D4走2_ST,艇5_節D4走2_着順,艇5_節D5走1_R番号,艇5_節D5走1_進入,艇5_節D5走1_枠,艇5_節D5走1_ST,艇5_節D5走1_着順,艇5_節D5走2_R番号,艇5_節D5走2_進入,艇5_節D5走2_枠,艇5_節D5走2_ST,艇5_節D5走2_着順,艇5_節D6走1_R番号,艇5_節D6走1_進入,艇5_節D6走1_枠,艇5_節D6走1_ST,艇5_節D6走1_着順,艇5_節D6走2_R番号,艇5_節D6走2_進入,艇5_節D6走2_枠,艇5_節D6走2_ST,艇5_節D6走2_着順,艇5_節D7走1_R番号,艇5_節D7走1_進入,艇5_節D7走1_枠,艇5_節D7走1_ST,艇5_節D7走1_着順,艇5_節D7走2_R番号,艇5_節D7走2_進入,艇5_節D7走2_枠,艇5_節D7走2_ST,艇5_節D7走2_着順,艇6_登録番号,艇6_選手名,艇6_期別,艇6_支部,艇6_出身地,艇6_年齢,艇6_級別,艇6_賞除,艇6_F本数,艇6_L本数,艇6_全国平均ST,艇6_全国勝率,艇6_全国2連対率,艇6_全国3連対率,艇6_当地勝率,艇6_当地2連対率,艇6_当地3連対率,艇6_モーターフラグ,艇6_モーター番号,艇6_モーター2連対率,艇6_モーター3連対率,艇6_ボートフラグ,艇6_ボート番号,艇6_ボート2連対率,艇6_ボート3連対率,艇6_早見,艇6_節D1走1_R番号,艇6_節D1走1_進入,艇6_節D1走1_枠,艇6_節D1走1_ST,艇6_節D1走1_着順,艇6_節D1走2_R番号,艇6_節D1走2_進入,艇6_節D1走2_枠,艇6_節D1走2_ST,艇6_節D1走2_着順,艇6_節D2走1_R番号,艇6_節D2走1_進入,艇6_節D2走1_枠,艇6_節D2走1_ST,艇6_節D2走1_着順,艇6_節D2走2_R番号,艇6_節D2走2_進入,艇6_節D2走2_枠,艇6_節D2走2_ST,艇6_節D2走2_着順,艇6_節D3走1_R番号,艇6_節D3走1_進入,艇6_節D3走1_枠,艇6_節D3走1_ST,艇6_節D3走1_着順,艇6_節D3走2_R番号,艇6_節D3走2_進入,艇6_節D3走2_枠,艇6_節D3走2_ST,艇6_節D3走2_着順,艇6_節D4走1_R番号,艇6_節D4走1_進入,艇6_節D4走1_枠,艇6_節D4走1_ST,艇6_節D4走1_着順,艇6_節D4走2_R番号,艇6_節D4走2_進入,艇6_節D4走2_枠,艇6_節D4走2_ST,艇6_節D4走2_着順,艇6_節D5走1_R番号,艇6_節D5走1_進入,艇6_節D5走1_枠,艇6_節D5走1_ST,艇6_節D5走1_着順,艇6_節D5走2_R番号,艇6_節D5走2_進入,艇6_節D5走2_枠,艇6_節D5走2_ST,艇6_節D5走2_着順,艇6_節D6走1_R番号,艇6_節D6走1_進入,艇6_節D6走1_枠,艇6_節D6走1_ST,艇6_節D6走1_着順,艇6_節D6走2_R番号,艇6_節D6走2_進入,艇6_節D6走2_枠,艇6_節D6走2_ST,艇6_節D6走2_着順,艇6_節D7走1_R番号,艇6_節D7走1_進入,艇6_節D7走1_枠,艇6_節D7走1_ST,艇6_節D7走1_着順,艇6_節D7走2_R番号,艇6_節D7走2_進入,艇6_節D7走2_枠,艇6_節D7走2_ST,艇6_節D7走2_着順
202601160101,2026-01-16,01,01R,3659,藤生 雄人,72期,群馬,群馬,51,B1,,0,0,0.17,5.64,40.4,59.5,5.84,40.5,56.0,0,11,55.5,77.7,0,75,12.0,40.0,,2,2,2,0.18,6,7,4,4,0.27,5,3,1,1,0.16,1,,,,,,2,4,3,0.16,2,6,5,5,0.26,5,,,,,,7,6,6,0.19,5,1,1,1,0.19,2,,,,,,,,,,,,,,,,,,,,,,,,,,3596,河上 年昭,71期,埼玉,岡山,56,B1,,0,0,0.17,4.29,16.6,34.6,5.11,24.3,56.7,0,70,77.7,88.8,0,49,18.5,29.6,,3,6,6,0.21,5,,,,,,2,3,3,0.22,5,7,4,4,0.18,5,4,1,1,0.12,1,,,,,,1,2,2,0.56,4,5,5,5,0.21,4,1,2,2,0.19,5,,,,,,,,,,,,,,,,,,,,,,,,,,5077,滝沢 崚,124期,埼玉,埼玉,28,B2,,0,0,0.2,4.1,16.1,35.4,3.38,12.5,12.5,0,36,11.7,23.5,0,68,16.6,41.6,5,,,,,,7,6,6,0.22,6,1,1,1,0.25,2,6,5,5,0.37,3,1,2,2,0.16,4,8,5,3,0.18,5,5,4,4,0.18,1,,,,,,1,4,3,0.07,1,5,5,5,0.18,6,,,,,,,,,,,,,,,,,,,,,4374,永田 義紘,98期,広島,広島,41,B1,,0,0,0.16,4.98,27.4,51.6,0.0,0.0,0.0,0,66,0.0,0.0,0,70,18.7,37.5,,5,3,4,0.19,4,11,2,2,0.13,3,1,3,3,0.26,6,,,,,,1,5,5,0.15,5,5,1,1,0.08,3,6,6,6,0.36,4,,,,,,1,5,4,0.05,3,,,,,,,,,,,,,,,,,,,,,,,,,,5046,松山 裕基,123期,大阪,大阪,31,B1,,0,0,0.16,4.74,23.1,46.3,5.3,30.0,50.0,0,20,0.0,0.0,0,64,39.2,57.1,,3,5,5,0.23,6,8,4,3,0.22,4,6,4,4,0.38,6,,,,,,3,6,6,0.18,5,,,,,,3,1,1,0.23,4,7,2,2,0.1,2,1,6,5,0.06,6,,,,,,,,,,,,,,,,,,,,,,,,,,3920,正木 聖賢,81期,広島,広島,51,A2,,1,0,0.15,5.69,40.2,58.6,0.0,0.0,0.0,0,63,30.0,40.0,0,63,29.6,40.7,7,4,5,4,0.14,6,9,1,1,0.24,5,,,,,,9,2,5,0.19,4,2,3,6,0.27,3,12,2,2,0.16,6,,,,,,10,3,3,0.27,5,1,3,6,0.27,4,7,3,3,0.23,3,,,,,,,,,,,,,,,,,,,,
202601160102,2026-01-16,01,02R,5246,楠 将太郎,130期,埼玉,埼玉,24,B1,,0,0,0.19,5.42,38.9,53.2,3.83,16.6,22.2,0,38,77.7,88.8,0,21,27.2,45.4,,,,,,,10,6,6,0.14,2,3,3,3,0.12,3,7,3,2,0.17,4,5,6,4,0.21,5,10,1,1,0.12,3,7,5,5,0.24,6,11,6,6,0.08,3,2,1,1,0.2,4,,,,,,,,,,,,,,,,,,,,,,,,,,4403,木下 大將,99期,福岡,福岡,40,A2,,0,0,0.16,6.06,47.6,59.5,6.0,42.8,61.9,0,41,37.5,50.0,0,44,51.5,66.6,10,7,1,1,0.23,1,11,5,5,0.13,2,5,4,4,0.25,5,11,6,6,0.12,4,,,,,,10,2,2,0.21,1,4,3,3,0.17,5,12,5,5,0.05,3,2,2,2,0.2,2,10,5,5,0.1,3,,,,,,,,,,,,,,,,,,,,,3742,宮地 秀祈,75期,福岡,福岡,51,B1,,0,0,0.18,4.35,18.0,40.2,3.88,0.0,37.5,0,62,37.5,50.0,0,11,28.1,65.6,9,2,5,5,0.13,3,,,,,,4,6,6,0.07,2,8,3,3,0.26,4,3,1,1,0.1,1,11,2,2,0.17,2,6,4,4,0.22,3,,,,,,2,3,3,0.24,5,9,4,4,0.16,6,,,,,,,,,,,,,,,,,,,,,5368,宮崎 心之介,135期,埼玉,埼玉,23,B2,,0,0,0.21,3.79,17.1,32.8,2.44,0.0,6.2,0,68,22.2,55.5,0,58,20.0,32.0,,1,2,2,0.08,3,8,5,4,0.23,5,,,,,,8,6,6,0.29,6,5,3,3,0.2,6,,,,,,4,1,1,0.11,1,9,5,5,0.07,5,2,4,4,0.36,6,,,,,,,,,,,,,,,,,,,,,,,,,,4319,三宅 潤,95期,大阪,大阪,40,A2,,1,0,0.17,5.85,40.3,60.5,6.61,54.5,66.6,0,14,66.6,66.6,0,61,42.8,53.5,10,5,5,5,0.24,2,10,1,1,0.26,1,2,6,6,0.23,4,9,3,2,0.19,2,,,,,,12,4,4,0.16,2,2,3,3,0.29,2,11,4,4,0.07,1,2,5,5,0.19,3,10,3,2,0.15,6,,,,,,,,,,,,,,,,,,,,,4907,小池 修平,117期,大阪,大阪,30,A1,,0,0,0.13,7.13,54.0,72.0,7.67,66.6,74.0,0,55,25.0,25.0,0,23,48.6,62.1,9,7,3,3,0.25,3,12,6,6,0.27,4,,,,,,10,2,2,0.15,2,8,3,5,0.17,2,12,1,1,0.14,1,,,,,,9,4,4,0.12,2,2,6,6,0.19,1,9,1,1,0.11,3,,,,,,,,,,,,,,,,,,,,
202601160103,2026-01-16,01,03R,3868,尾形 栄治,79期,東京,東京,50,B1,,0,0,0.2,4.24,24.7,35.0,4.8,30.0,40.0,0,53,64.7,76.4,0,38,28.5,64.2,12,,,,,,7,5,5,0.24,2,2,1,1,0.23,1,12,3,3,0.22,5,5,5,2,0.22,4,9,4,4,0.27,5,,,,,,8,6,6,0.19,2,3,1,1,0.16,6,12,3,3,0.21,4,,,,,,,,,,,,,,,,,,,,,3908,重成 一人,80期,香川,香川,47,A1,,1,0,0.14,6.96,50.4,64.2,6.65,43.2,56.7,0,28,44.4,66.6,0,67,36.3,54.5,9,5,6,6,0.22,6,12,2,2,0.26,5,8,5,5,0.17,2,12,1,1,0.26,4,,,,,,10,3,3,0.2,2,3,4,4,0.16,1,11,1,1,0.22,5,3,2,2,0.23,4,9,5,5,0.1,1,,,,,,,,,,,,,,,,,,,,,5098,大江 純,125期,愛知,愛知,30,B1,,0,0,0.16,4.45,20.4,44.3,3.89,11.1,22.2,0,74,30.0,30.0,0,43,32.1,57.1,8,1,5,5,0.1,6,7,2,2,0.23,4,,,,,,7,6,6,0.1,2,2,1,1,0.33,6,,,,,,1,4,4,0.2,2,9,3,3,0.03,1,3,5,3,0.08,3,8,4,4,0.21,4,,,,,,,,,,,,,,,,,,,,,4528,黒井 達矢,103期,埼玉,埼玉,37,A1,,1,0,0.15,6.57,48.3,64.4,6.73,53.3,70.0,0,32,25.0,25.0,0,53,16.6,22.2,9,4,3,5,0.09,3,12,3,3,0.22,3,6,1,1,0.25,1,,,,,,3,4,4,0.17,2,9,6,6,0.25,2,,,,,,10,1,2,0.16,6,3,3,4,0.11,2,9,3,3,0.13,2,,,,,,,,,,,,,,,,,,,,,3946,赤岩 善生,82期,愛知,愛知,49,A1,,0,0,0.15,7.09,52.0,75.0,6.5,55.5,66.6,0,73,50.0,80.0,0,36,44.4,66.6,11,8,2,5,0.25,3,12,1,1,0.22,1,4,2,2,0.25,3,11,2,4,0.16,2,5,2,6,0.18,2,,,,,,5,2,3,0.21,2,12,1,1,0.12,1,3,4,5,0.12,1,11,2,2,0.18,6,,,,,,,,,,,,,,,,,,,,,5216,長谷川 晴哉,129期,群馬,群馬,25,A2,,0,0,0.15,5.78,42.9,51.4,6.13,43.4,62.0,0,71,30.0,40.0,0,65,21.4,32.1,10,1,3,3,0.05,1,10,4,4,0.2,3,4,5,5,0.06,1,12,2,2,0.18,1,,,,,,8,1,1,0.23,1,3,6,6,0.25,5,12,3,3,0.06,5,3,6,6,0.12,5,10,1,1,0.12,2,,,,,,,,,,,,,,,,,,,,
202601160104,2026-01-16,01,04R,3714,梶原 正,74期,福岡,福岡,51,B1,,0,0,0.15,4.32,18.2,32.9,3.89,22.2,33.3,0,24,11.1,38.8,0,20,42.8,60.7,,3,1,1,0.27,4,,,,,,3,6,6,0.11,5,8,4,4,0.2,1,6,3,3,0.27,3,12,5,5,0.15,5,6,2,2,0.19,6,,,,,,4,1,1,0.15,3,,,,,,,,,,,,,,,,,,,,,,,,,,4241,大串 重幸,92期,長崎,長崎,41,A2,,0,0,0.15,5.76,40.6,60.4,5.3,40.0,60.0,0,60,55.5,100.0,0,71,43.3,56.6,11,2,4,4,0.15,1,9,6,6,0.21,3,,,,,,11,3,2,0.12,6,1,3,3,0.12,2,9,5,5,0.35,6,,,,,,7,1,1,0.05,1,4,2,2,0.19,6,11,5,5,0.09,5,,,,,,,,,,,,,,,,,,,,,4366,前沢 丈史,97期,東京,茨城,40,A1,,0,0,0.15,6.48,48.4,68.4,6.34,50.0,68.4,0,69,30.0,50.0,0,13,24.0,40.0,10,,,,,,11,1,1,0.14,1,7,2,3,0.16,3,12,5,5,0.19,3,,,,,,10,4,4,0.21,4,2,2,2,0.24,3,10,6,6,0.16,3,4,3,3,0.18,4,10,4,4,0.04,1,,,,,,,,,,,,,,,,,,,,,3882,新田 智彰,80期,大阪,大阪,52,B1,,0,0,0.17,4.59,23.0,42.8,5.04,34.7,52.1,0,30,72.2,72.2,0,27,28.5,52.3,11,4,1,1,0.14,1,,,,,,5,6,6,0.24,6,12,4,4,0.16,2,4,3,3,0.1,2,8,2,2,0.22,3,,,,,,10,5,5,0.11,1,4,4,4,0.07,1,11,3,3,0.1,2,,,,,,,,,,,,,,,,,,,,,4118,宇佐見 淳,88期,愛知,愛知,44,A1,,0,0,0.14,6.71,52.4,70.1,6.05,47.3,57.8,0,64,30.0,60.0,0,42,29.4,38.2,9,,,,,,10,2,2,0.25,4,3,4,4,0.15,2,11,1,1,0.15,1,7,3,3,0.14,2,12,6,6,0.18,3,,,,,,8,5,5,0.11,1,4,5,5,0.12,2,9,2,2,0.14,5,,,,,,,,,,,,,,,,,,,,,4039,村上 功祐,85期,大阪,大阪,47,A2,,0,0,0.15,5.35,34.7,51.0,0.0,0.0,0.0,0,18,16.6,44.4,0,54,36.6,50.0,12,2,6,6,0.12,4,11,3,3,0.16,4,,,,,,7,1,1,0.15,1,4,4,4,0.13,3,11,5,5,0.12,6,,,,,,9,2,2,0.06,6,4,6,6,0.13,5,12,2,2,0.23,2,,,,,,,,,,,,,,,,,,,,
202601160105,2026-01-16,01,05R,4296,岡崎 恭裕,94期,福岡,福岡,39,A1,,0,0,0.13,6.75,50.0,65.6,7.22,77.7,77.7,0,33,28.5,28.5,0,15,45.4,60.6,9,6,1,1,0.19,1,12,4,4,0.21,6,,,,,,9,6,6,0.1,3,4,5,5,0.17,4,9,2,2,0.23,3,7,3,3,0.1,3,12,4,4,0.1,2,5,1,1,0.1,2,9,6,6,0.17,4,,,,,,,,,,,,,,,,,,,,,3988,古川 誠之,83期,愛知,愛知,47,A2,,0,0,0.15,5.75,41.8,59.0,5.22,33.3,44.4,0,25,62.5,62.5,0,31,44.4,66.6,12,,,,,,11,6,6,0.14,6,4,3,3,0.22,4,10,5,4,0.16,6,3,2,2,0.1,3,,,,,,4,5,5,0.18,3,8,1,1,0.07,3,5,2,2,0.15,1,12,5,6,0.22,5,,,,,,,,,,,,,,,,,,,,,5290,坂本 一真,132期,東京,福島,24,B1,,0,0,0.19,3.37,14.9,26.4,1.22,0.0,0.0,0,37,11.1,11.1,0,32,42.1,63.1,,1,6,6,0.14,4,,,,,,5,2,2,0.28,4,10,1,1,0.13,4,,,,,,7,4,4,0.17,3,3,5,5,0.25,6,8,3,3,0.17,6,5,3,3,0.08,5,,,,,,,,,,,,,,,,,,,,,,,,,,4967,中村 魁生,119期,大阪,大阪,27,A1,,0,0,0.12,6.34,40.6,63.5,6.92,58.3,66.6,0,72,50.0,80.0,0,34,32.1,64.2,10,,,,,,9,3,4,0.11,2,2,2,2,0.23,3,10,4,6,0.15,3,5,4,5,0.21,1,11,3,3,0.16,4,6,1,1,0.24,2,,,,,,5,4,4,0.11,4,10,2,3,0.18,4,,,,,,,,,,,,,,,,,,,,,5077,滝沢 崚,124期,埼玉,埼玉,28,B2,,0,0,0.2,4.1,16.1,35.4,3.38,12.5,12.5,0,36,11.7,23.5,0,68,16.6,41.6,1,,,,,,7,6,6,0.22,6,1,1,1,0.25,2,6,5,5,0.37,3,1,2,2,0.16,4,8,5,3,0.18,5,5,4,4,0.18,1,,,,,,1,4,3,0.07,1,5,5,5,0.18,6,,,,,,,,,,,,,,,,,,,,,4095,福来 剛,87期,東京,東京,44,A1,,0,0,0.13,6.91,54.2,71.0,8.2,80.0,90.0,0,12,33.3,44.4,0,35,27.7,44.4,11,3,2,2,0.24,1,12,5,5,0.26,2,5,3,3,0.26,1,,,,,,6,1,1,0.24,1,11,4,4,0.11,1,4,6,6,0.16,2,11,3,3,0.15,4,5,6,6,0.21,3,11,1,1,0.11,1,,,,,,,,,,,,,,,,,,,,
202601160106,2026-01-16,01,06R,4171,榎 幸司,90期,長崎,長崎,43,A2,,0,0,0.17,6.28,44.7,62.6,5.36,36.3,54.5,0,57,40.0,40.0,0,45,40.7,59.2,10,4,2,2,0.15,2,10,5,5,0.22,6,,,,,,10,3,3,0.17,1,2,5,4,0.21,4,11,1,1,0.19,3,5,6,6,0.25,3,,,,,,6,1,1,0.21,1,10,6,6,0.16,5,,,,,,,,,,,,,,,,,,,,,3860,松本 浩貴,79期,埼玉,埼玉,52,B1,,0,0,0.19,3.91,19.7,29.6,5.11,33.3,50.0,0,43,11.1,38.8,0,18,0.0,4.3,12,2,1,1,0.17,2,,,,,,1,6,6,0.22,4,9,4,3,0.12,1,3,5,5,0.19,6,8,4,4,0.24,4,4,2,2,0.16,4,,,,,,6,2,2,0.22,6,12,,5,,欠,,,,,,,,,,,,,,,,,,,,,5228,若林 樹蘭,129期,東京,山梨,23,B2,,0,0,0.16,6.09,38.2,60.2,0.0,0.0,0.0,0,13,33.3,44.4,0,57,37.9,65.5,11,4,6,6,0.18,4,,,,,,1,4,4,0.22,5,11,4,3,0.07,5,2,2,2,0.17,1,9,1,1,0.2,1,6,5,5,0.17,1,12,6,6,0.08,4,6,3,3,0.18,4,11,4,4,0.08,3,,,,,,,,,,,,,,,,,,,,,5325,澁川 夏,133期,大阪,大阪,22,B1,,0,0,0.16,3.98,12.2,28.8,0.0,0.0,0.0,0,31,52.9,76.4,0,25,20.0,24.0,,1,4,4,0.09,2,6,6,6,0.22,5,,,,,,11,5,5,0.09,3,3,3,3,0.13,4,7,2,2,0.11,4,,,,,,10,2,1,0.15,4,6,4,4,0.12,3,,,,,,,,,,,,,,,,,,,,,,,,,,4020,川上 清人,84期,香川,高知,45,B1,,0,0,0.2,3.27,12.1,24.3,3.67,11.1,38.8,0,61,0.0,0.0,0,73,32.3,52.9,,4,4,3,0.07,5,8,3,2,0.21,2,,,,,,7,5,5,0.11,6,,,,,,8,6,6,0.16,6,2,1,1,0.23,1,8,4,4,0.23,4,6,5,5,0.11,2,,,,,,,,,,,,,,,,,,,,,,,,,,4407,鹿島 敏弘,99期,群馬,青森,40,B1,,0,0,0.18,4.86,27.8,49.4,5.07,29.7,49.5,0,58,0.0,0.0,0,72,23.8,28.5,,6,3,3,0.21,3,,,,,,2,4,4,0.19,2,6,2,2,0.24,2,1,1,1,0.14,1,7,5,5,0.18,5,2,6,6,0.34,5,12,2,2,0.09,6,6,6,6,0.1,5,,,,,,,,,,,,,,,,,,,,,,,,,
202601160107,2026-01-16,01,07R,4233,亀山 雅幸,92期,群馬,群馬,42,A2,,0,0,0.18,5.66,39.8,62.1,5.76,37.7,61.2,0,67,44.4,55.5,0,22,13.0,30.4,11,3,4,4,0.28,3,9,2,2,0.15,1,1,5,5,0.23,3,8,1,1,0.22,3,,,,,,10,6,6,0.26,5,1,3,3,0.25,3,11,2,2,0.18,6,7,1,1,0.23,1,11,6,6,0.13,4,,,,,,,,,,,,,,,,,,,,,3957,大谷 直弘,82期,愛知,愛知,48,B1,,0,0,0.19,4.8,22.7,43.6,5.17,28.5,45.7,0,44,66.6,77.7,0,62,21.2,33.3,,6,4,4,0.23,6,,,,,,1,2,2,0.31,1,5,1,1,0.33,2,6,6,6,0.25,6,10,5,5,0.26,6,3,3,3,0.23,3,,,,,,,,,,,7,2,2,0.26,4,,,,,,,,,,,,,,,,,,,,,3920,正木 聖賢,81期,広島,広島,51,A2,,1,0,0.15,5.69,40.2,58.6,0.0,0.0,0.0,0,63,30.0,40.0,0,63,29.6,40.7,1,4,5,4,0.14,6,9,1,1,0.24,5,,,,,,9,2,5,0.19,4,2,3,6,0.27,3,12,2,2,0.16,6,,,,,,10,3,3,0.27,5,1,3,6,0.27,4,7,3,3,0.23,3,,,,,,,,,,,,,,,,,,,,,4035,杉江 浩明,85期,愛知,愛知,47,B1,,0,0,0.2,3.68,17.8,28.4,2.56,5.5,11.1,0,75,20.0,20.0,0,14,50.0,64.2,,3,3,3,0.29,2,,,,,,3,2,2,0.18,6,9,1,1,0.25,6,1,4,4,0.2,6,11,6,6,0.18,5,2,5,5,0.36,6,,,,,,,,,,,7,4,4,0.29,5,,,,,,,,,,,,,,,,,,,,,4697,國弘 翔平,110期,福岡,福岡,39,B1,,0,0,0.18,4.21,22.4,35.9,4.65,26.0,39.1,0,50,25.0,37.5,0,50,36.6,46.6,,1,1,1,0.17,5,9,5,5,0.21,6,6,3,3,0.31,4,,,,,,6,4,4,0.28,4,,,,,,1,6,6,0.21,5,8,2,2,0.15,5,,,,,,7,5,5,0.33,2,,,,,,,,,,,,,,,,,,,,,3516,吉原 聖人,68期,広島,広島,58,B1,,1,0,0.17,3.64,17.9,28.3,3.8,20.0,20.0,0,56,55.5,55.5,0,74,31.2,43.7,,2,3,3,0.3,5,8,6,6,0.3,6,2,5,5,0.2,6,,,,,,6,2,2,0.26,2,,,,,,2,4,4,0.35,4,9,1,1,0.05,4,,,,,,7,6,6,0.32,6,,,,,,,,,,,,,,,,,,,,
202601160108,2026-01-16,01,08R,4485,楠原 正剛,102期,福岡,福岡,39,A2,,0,0,0.14,5.22,35.9,53.9,7.8,70.0,100.0,0,48,0.0,44.4,0,51,29.6,48.1,12,,,,,,8,1,1,0.26,1,3,5,5,0.1,4,12,6,6,0.25,6,,,,,,9,3,3,0.21,4,5,3,2,0.28,5,10,4,4,0.06,2,8,1,1,0.18,2,12,4,4,0.2,3,,,,,,,,,,,,,,,,,,,,,4274,長畑 友輔,94期,東京,東京,43,B1,,0,0,0.16,4.81,27.5,52.1,4.45,24.1,41.3,0,54,14.2,57.1,0,55,33.3,40.0,,5,2,2,0.21,3,9,4,3,0.13,4,4,4,4,0.16,6,,,,,,2,6,5,0.18,5,7,6,6,0.25,6,5,1,1,0.2,6,11,5,5,0.06,2,,,,,,8,3,2,0.17,6,,,,,,,,,,,,,,,,,,,,,4487,三原 司,102期,福岡,福岡,39,B1,,0,0,0.18,4.47,25.7,35.2,3.73,18.1,31.8,0,65,44.4,66.6,0,47,36.3,45.4,,5,1,1,0.2,1,,,,,,6,6,6,0.41,5,10,6,5,0.16,5,4,2,2,0.11,6,12,3,3,0.21,4,4,4,4,0.2,6,,,,,,,,,,,8,2,3,0.19,1,,,,,,,,,,,,,,,,,,,,,5098,大江 純,125期,愛知,愛知,30,B1,,0,0,0.16,4.45,20.4,44.3,3.89,11.1,22.2,0,74,30.0,30.0,0,43,32.1,57.1,3,1,5,5,0.1,6,7,2,2,0.23,4,,,,,,7,6,6,0.1,2,2,1,1,0.33,6,,,,,,1,4,4,0.2,2,9,3,3,0.03,1,3,5,3,0.08,3,8,4,4,0.21,4,,,,,,,,,,,,,,,,,,,,,3412,鈴木 博,64期,埼玉,埼玉,56,A2,,0,0,0.16,6.04,41.6,60.8,6.03,44.7,63.1,0,39,16.6,16.6,0,66,30.7,38.4,12,5,4,3,0.25,5,,,,,,5,5,5,0.27,3,9,5,4,0.09,5,,,,,,7,1,1,0.09,1,3,2,2,0.24,2,9,6,6,0.08,3,8,5,5,0.21,3,12,1,1,0.19,1,,,,,,,,,,,,,,,,,,,,,3105,内山 文典,52期,東京,東京,62,B1,,0,0,0.16,4.55,20.0,44.7,2.83,16.6,16.6,0,29,42.8,42.8,0,17,40.0,56.0,,6,5,5,0.22,4,10,3,3,0.25,5,,,,,,8,2,2,0.25,5,1,6,6,0.14,3,,,,,,1,1,1,0.27,1,7,4,4,0.2,4,,,,,,8,6,6,0.2,5,,,,,,,,,,,,,,,,,,,,
202601160109,2026-01-16,01,09R,4907,小池 修平,117期,大阪,大阪,30,A1,,0,0,0.13,7.13,54.0,72.0,7.67,66.6,74.0,0,55,25.0,25.0,0,23,48.6,62.1,2,7,3,3,0.25,3,12,6,6,0.27,4,,,,,,10,2,2,0.15,2,8,3,5,0.17,2,12,1,1,0.14,1,,,,,,9,4,4,0.12,2,2,6,6,0.19,1,9,1,1,0.11,3,,,,,,,,,,,,,,,,,,,,,4118,宇佐見 淳,88期,愛知,愛知,44,A1,,0,0,0.14,6.71,52.4,70.1,6.05,47.3,57.8,0,64,30.0,60.0,0,42,29.4,38.2,4,,,,,,10,2,2,0.25,4,3,4,4,0.15,2,11,1,1,0.15,1,7,3,3,0.14,2,12,6,6,0.18,3,,,,,,8,5,5,0.11,1,4,5,5,0.12,2,9,2,2,0.14,5,,,,,,,,,,,,,,,,,,,,,4528,黒井 達矢,103期,埼玉,埼玉,37,A1,,1,0,0.15,6.57,48.3,64.4,6.73,53.3,70.0,0,32,25.0,25.0,0,53,16.6,22.2,3,4,3,5,0.09,3,12,3,3,0.22,3,6,1,1,0.25,1,,,,,,3,4,4,0.17,2,9,6,6,0.25,2,,,,,,10,1,2,0.16,6,3,3,4,0.11,2,9,3,3,0.13,2,,,,,,,,,,,,,,,,,,,,,3742,宮地 秀祈,75期,福岡,福岡,51,B1,,0,0,0.18,4.35,18.0,40.2,3.88,0.0,37.5,0,62,37.5,50.0,0,11,28.1,65.6,2,2,5,5,0.13,3,,,,,,4,6,6,0.07,2,8,3,3,0.26,4,3,1,1,0.1,1,11,2,2,0.17,2,6,4,4,0.22,3,,,,,,2,3,3,0.24,5,9,4,4,0.16,6,,,,,,,,,,,,,,,,,,,,,3908,重成 一人,80期,香川,香川,47,A1,,1,0,0.14,6.96,50.4,64.2,6.65,43.2,56.7,0,28,44.4,66.6,0,67,36.3,54.5,3,5,6,6,0.22,6,12,2,2,0.26,5,8,5,5,0.17,2,12,1,1,0.26,4,,,,,,10,3,3,0.2,2,3,4,4,0.16,1,11,1,1,0.22,5,3,2,2,0.23,4,9,5,5,0.1,1,,,,,,,,,,,,,,,,,,,,,4296,岡崎 恭裕,94期,福岡,福岡,39,A1,,0,0,0.13,6.75,50.0,65.6,7.22,77.7,77.7,0,33,28.5,28.5,0,15,45.4,60.6,5,6,1,1,0.19,1,12,4,4,0.21,6,,,,,,9,6,6,0.1,3,4,5,5,0.17,4,9,2,2,0.23,3,7,3,3,0.1,3,12,4,4,0.1,2,5,1,1,0.1,2,9,6,6,0.17,4,,,,,,,,,,,,,,,,,,,,
202601160110,2026-01-16,01,10R,5216,長谷川 晴哉,129期,群馬,群馬,25,A2,,0,0,0.15,5.78,42.9,51.4,6.13,43.4,62.0,0,71,30.0,40.0,0,65,21.4,32.1,3,1,3,3,0.05,1,10,4,4,0.2,3,4,5,5,0.06,1,12,2,2,0.18,1,,,,,,8,1,1,0.23,1,3,6,6,0.25,5,12,3,3,0.06,5,3,6,6,0.12,5,10,1,1,0.12,2,,,,,,,,,,,,,,,,,,,,,4319,三宅 潤,95期,大阪,大阪,40,A2,,1,0,0.17,5.85,40.3,60.5,6.61,54.5,66.6,0,14,66.6,66.6,0,61,42.8,53.5,2,5,5,5,0.24,2,10,1,1,0.26,1,2,6,6,0.23,4,9,3,2,0.19,2,,,,,,12,4,4,0.16,2,2,3,3,0.29,2,11,4,4,0.07,1,2,5,5,0.19,3,10,3,2,0.15,6,,,,,,,,,,,,,,,,,,,,,4967,中村 魁生,119期,大阪,大阪,27,A1,,0,0,0.12,6.34,40.6,63.5,6.92,58.3,66.6,0,72,50.0,80.0,0,34,32.1,64.2,5,,,,,,9,3,4,0.11,2,2,2,2,0.23,3,10,4,6,0.15,3,5,4,5,0.21,1,11,3,3,0.16,4,6,1,1,0.24,2,,,,,,5,4,4,0.11,4,10,2,3,0.18,4,,,,,,,,,,,,,,,,,,,,,4366,前沢 丈史,97期,東京,茨城,40,A1,,0,0,0.15,6.48,48.4,68.4,6.34,50.0,68.4,0,69,30.0,50.0,0,13,24.0,40.0,4,,,,,,11,1,1,0.14,1,7,2,3,0.16,3,12,5,5,0.19,3,,,,,,10,4,4,0.21,4,2,2,2,0.24,3,10,6,6,0.16,3,4,3,3,0.18,4,10,4,4,0.04,1,,,,,,,,,,,,,,,,,,,,,4403,木下 大將,99期,福岡,福岡,40,A2,,0,0,0.16,6.06,47.6,59.5,6.0,42.8,61.9,0,41,37.5,50.0,0,44,51.5,66.6,2,7,1,1,0.23,1,11,5,5,0.13,2,5,4,4,0.25,5,11,6,6,0.12,4,,,,,,10,2,2,0.21,1,4,3,3,0.17,5,12,5,5,0.05,3,2,2,2,0.2,2,10,5,5,0.1,3,,,,,,,,,,,,,,,,,,,,,4171,榎 幸司,90期,長崎,長崎,43,A2,,0,0,0.17,6.28,44.7,62.6,5.36,36.3,54.5,0,57,40.0,40.0,0,45,40.7,59.2,6,4,2,2,0.15,2,10,5,5,0.22,6,,,,,,10,3,3,0.17,1,2,5,4,0.21,4,11,1,1,0.19,3,5,6,6,0.25,3,,,,,,6,1,1,0.21,1,10,6,6,0.16,5,,,,,,,,,,,,,,,,,,,,
202601160111,2026-01-16,01,11R,4095,福来 剛,87期,東京,東京,44,A1,,0,0,0.13,6.91,54.2,71.0,8.2,80.0,90.0,0,12,33.3,44.4,0,35,27.7,44.4,5,3,2,2,0.24,1,12,5,5,0.26,2,5,3,3,0.26,1,,,,,,6,1,1,0.24,1,11,4,4,0.11,1,4,6,6,0.16,2,11,3,3,0.15,4,5,6,6,0.21,3,11,1,1,0.11,1,,,,,,,,,,,,,,,,,,,,,3946,赤岩 善生,82期,愛知,愛知,49,A1,,0,0,0.15,7.09,52.0,75.0,6.5,55.5,66.6,0,73,50.0,80.0,0,36,44.4,66.6,3,8,2,5,0.25,3,12,1,1,0.22,1,4,2,2,0.25,3,11,2,4,0.16,2,5,2,6,0.18,2,,,,,,5,2,3,0.21,2,12,1,1,0.12,1,3,4,5,0.12,1,11,2,2,0.18,6,,,,,,,,,,,,,,,,,,,,,3882,新田 智彰,80期,大阪,大阪,52,B1,,0,0,0.17,4.59,23.0,42.8,5.04,34.7,52.1,0,30,72.2,72.2,0,27,28.5,52.3,4,4,1,1,0.14,1,,,,,,5,6,6,0.24,6,12,4,4,0.16,2,4,3,3,0.1,2,8,2,2,0.22,3,,,,,,10,5,5,0.11,1,4,4,4,0.07,1,11,3,3,0.1,2,,,,,,,,,,,,,,,,,,,,,5228,若林 樹蘭,129期,東京,山梨,23,B2,,0,0,0.16,6.09,38.2,60.2,0.0,0.0,0.0,0,13,33.3,44.4,0,57,37.9,65.5,6,4,6,6,0.18,4,,,,,,1,4,4,0.22,5,11,4,3,0.07,5,2,2,2,0.17,1,9,1,1,0.2,1,6,5,5,0.17,1,12,6,6,0.08,4,6,3,3,0.18,4,11,4,4,0.08,3,,,,,,,,,,,,,,,,,,,,,4241,大串 重幸,92期,長崎,長崎,41,A2,,0,0,0.15,5.76,40.6,60.4,5.3,40.0,60.0,0,60,55.5,100.0,0,71,43.3,56.6,4,2,4,4,0.15,1,9,6,6,0.21,3,,,,,,11,3,2,0.12,6,1,3,3,0.12,2,9,5,5,0.35,6,,,,,,7,1,1,0.05,1,4,2,2,0.19,6,11,5,5,0.09,5,,,,,,,,,,,,,,,,,,,,,4233,亀山 雅幸,92期,群馬,群馬,42,A2,,0,0,0.18,5.66,39.8,62.1,5.76,37.7,61.2,0,67,44.4,55.5,0,22,13.0,30.4,7,3,4,4,0.28,3,9,2,2,0.15,1,1,5,5,0.23,3,8,1,1,0.22,3,,,,,,10,6,6,0.26,5,1,3,3,0.25,3,11,2,2,0.18,6,7,1,1,0.23,1,11,6,6,0.13,4,,,,,,,,,,,,,,,,,,,,
202601160112,2026-01-16,01,12R,3412,鈴木 博,64期,埼玉,埼玉,56,A2,,0,0,0.16,6.04,41.6,60.8,6.03,44.7,63.1,0,39,16.6,16.6,0,66,30.7,38.4,8,5,4,3,0.25,5,,,,,,5,5,5,0.27,3,9,5,4,0.09,5,,,,,,7,1,1,0.09,1,3,2,2,0.24,2,9,6,6,0.08,3,8,5,5,0.21,3,12,1,1,0.19,1,,,,,,,,,,,,,,,,,,,,,4039,村上 功祐,85期,大阪,大阪,47,A2,,0,0,0.15,5.35,34.7,51.0,0.0,0.0,0.0,0,18,16.6,44.4,0,54,36.6,50.0,4,2,6,6,0.12,4,11,3,3,0.16,4,,,,,,7,1,1,0.15,1,4,4,4,0.13,3,11,5,5,0.12,6,,,,,,9,2,2,0.06,6,4,6,6,0.13,5,12,2,2,0.23,2,,,,,,,,,,,,,,,,,,,,,3868,尾形 栄治,79期,東京,東京,50,B1,,0,0,0.2,4.24,24.7,35.0,4.8,30.0,40.0,0,53,64.7,76.4,0,38,28.5,64.2,3,,,,,,7,5,5,0.24,2,2,1,1,0.23,1,12,3,3,0.22,5,5,5,2,0.22,4,9,4,4,0.27,5,,,,,,8,6,6,0.19,2,3,1,1,0.16,6,12,3,3,0.21,4,,,,,,,,,,,,,,,,,,,,,4485,楠原 正剛,102期,福岡,福岡,39,A2,,0,0,0.14,5.22,35.9,53.9,7.8,70.0,100.0,0,48,0.0,44.4,0,51,29.6,48.1,8,,,,,,8,1,1,0.26,1,3,5,5,0.1,4,12,6,6,0.25,6,,,,,,9,3,3,0.21,4,5,3,2,0.28,5,10,4,4,0.06,2,8,1,1,0.18,2,12,4,4,0.2,3,,,,,,,,,,,,,,,,,,,,,3860,松本 浩貴,79期,欠場,,,B1,,0,0,,,,,,,,,,,,,,,,,2,1,1,0.17,2,,,,,,1,6,6,0.22,4,9,4,3,0.12,1,3,5,5,0.19,6,8,4,4,0.24,4,4,2,2,0.16,4,,,,,,6,2,2,0.22,6,12,,5,,欠,,,,,,,,,,,,,,,,,,,,,3988,古川 誠之,83期,愛知,愛知,47,A2,,0,0,0.15,5.75,41.8,59.0,5.22,33.3,44.4,0,25,62.5,62.5,0,31,44.4,66.6,5,,,,,,11,6,6,0.14,6,4,3,3,0.22,4,10,5,4,0.16,6,3,2,2,0.1,3,,,,,,4,5,5,0.18,3,8,1,1,0.07,3,5,2,2,0.15,1,12,5,6,0.22,5,,,,,,,,,,,,,,,,,,,,
202601160401,2026-01-16,04,01R,3637,齋藤 和政,72期,愛知,愛知,55,B1,,0,0,0.18,4.3,25.6,41.4,4.38,23.0,46.1,0,65,32.6,47.5,0,14,30.9,48.4,7,,,,,,8,6,6,0.19,5,6,4,4,0.18,4,11,3,3,0.14,6,1,1,1,0.19,5,7,3,3,0.11,5,,,,,,,,,,,,,,,,,,,,,,,,,,,,,,,,,,,,,,,,,3463,乙津 康志,66期,東京,東京,58,B1,,0,0,0.2,4.06,15.1,31.6,4.72,32.0,44.0,0,14,37.2,55.8,0,56,30.6,45.5,11,,,,,,8,5,5,0.15,2,1,3,3,0.24,5,7,1,1,0.1,3,1,2,2,0.16,4,11,5,6,0.19,3,,,,,,,,,,,,,,,,,,,,,,,,,,,,,,,,,,,,,,,,,3340,池田 雷太,62期,東京,東京,60,B1,,0,0,0.19,3.9,18.8,28.8,4.97,31.2,43.7,0,17,37.1,57.7,0,72,22.6,33.3,8,5,6,6,0.2,6,,,,,,1,1,1,0.21,4,8,5,5,0.18,6,1,3,3,0.14,1,8,2,2,0.24,4,,,,,,,,,,,,,,,,,,,,,,,,,,,,,,,,,,,,,,,,,4917,岩橋 裕馬,118期,兵庫,大阪,37,B1,,0,0,0.17,4.58,23.3,37.6,0.0,0.0,0.0,0,72,34.3,59.8,0,13,41.9,66.9,6,6,3,3,0.16,4,,,,,,3,5,5,0.09,3,9,4,4,0.12,5,1,4,4,0.16,2,6,2,2,0.22,2,,,,,,,,,,,,,,,,,,,,,,,,,,,,,,,,,,,,,,,,,4927,関野 文,118期,大阪,大阪,32,A2,,0,0,0.16,5.72,36.2,54.3,6.35,55.0,65.0,0,66,35.0,46.0,0,67,39.3,58.5,10,7,4,4,0.07,3,11,6,6,0.1,4,,,,,,10,2,2,0.12,5,1,5,5,0.14,6,10,1,1,0.08,6,,,,,,,,,,,,,,,,,,,,,,,,,,,,,,,,,,,,,,,,,4203,小倉 康典,91期,群馬,群馬,43,B1,,0,0,0.15,4.26,22.2,38.8,4.26,21.7,43.4,0,37,38.3,60.7,0,71,41.4,52.5,,4,2,2,0.14,6,,,,,,4,1,1,0.13,6,9,3,3,0.12,6,1,6,6,0.19,3,,,,,,,,,,,,,,,,,,,,,,,,,,,,,,,,,,,,,,,,,,,,,
202601160402,2026-01-16,04,02R,4422,永井 亮次,99期,大阪,大阪,37,B1,,0,0,0.17,5.15,35.6,54.0,3.89,22.2,22.2,0,70,30.3,44.4,0,73,34.3,53.9,6,5,3,3,0.15,4,,,,,,4,6,6,0.16,4,12,3,4,0.14,4,2,1,1,0.17,3,6,4,4,0.24,5,,,,,,,,,,,,,,,,,,,,,,,,,,,,,,,,,,,,,,,,,4607,鶴田 勇雄,106期,福岡,福岡,36,A2,,0,0,0.18,5.55,36.9,57.1,5.24,29.4,47.0,0,53,33.9,49.5,0,64,32.9,53.8,8,4,6,6,0.14,4,9,3,3,0.13,6,,,,,,11,5,5,0.11,3,2,2,2,0.31,4,8,1,1,0.27,3,,,,,,,,,,,,,,,,,,,,,,,,,,,,,,,,,,,,,,,,,4676,後藤 隼之,109期,東京,東京,37,B1,,0,0,0.15,5.03,30.1,49.4,4.84,25.0,40.6,0,68,37.6,53.4,0,75,38.3,57.5,9,2,5,6,0.42,4,7,3,3,0.04,1,5,4,4,0.15,3,,,,,,2,3,3,0.18,1,9,1,1,0.12,6,,,,,,,,,,,,,,,,,,,,,,,,,,,,,,,,,,,,,,,,,4731,間野 兼礼,111期,愛知,愛知,36,B1,,1,0,0.15,4.74,29.4,45.8,5.76,41.1,58.8,0,57,31.9,46.3,0,63,22.7,37.5,10,5,2,2,0.16,2,10,6,6,0.12,2,2,1,1,0.13,1,,,,,,2,4,4,0.17,5,10,5,5,0.11,1,,,,,,,,,,,,,,,,,,,,,,,,,,,,,,,,,,,,,,,,,3986,沖島 広和,83期,福岡,福岡,47,B1,,0,0,0.18,5.2,30.1,51.8,4.55,27.2,45.4,0,74,28.5,45.9,0,11,28.5,43.8,7,3,4,4,0.08,4,,,,,,5,6,6,0.14,6,9,2,2,0.13,2,2,5,5,0.18,2,7,1,1,0.06,3,,,,,,,,,,,,,,,,,,,,,,,,,,,,,,,,,,,,,,,,,3718,伊達 正利,74期,静岡,静岡,50,B1,,0,0,0.17,4.03,23.4,32.9,3.93,21.4,35.7,0,34,49.0,66.6,0,19,35.9,56.1,11,3,5,5,0.08,2,8,2,2,0.18,3,3,1,1,0.07,1,,,,,,2,6,6,0.2,6,11,2,3,0.19,5,,,,,,,,,,,,,,,,,,,,,,,,,,,,,,,,,,,,,,,,
202601160403,2026-01-16,04,03R,3606,川北 浩貴,71期,滋賀,滋賀,54,B1,,0,0,0.18,5.35,33.0,55.6,5.17,26.6,46.6,0,28,33.0,46.6,0,54,32.2,44.4,7,4,4,4,0.12,2,,,,,,5,5,5,0.14,5,12,5,6,0.17,3,3,1,1,0.09,5,7,2,2,0.07,1,,,,,,,,,,,,,,,,,,,,,,,,,,,,,,,,,,,,,,,,,4083,福島 勇樹,87期,東京,東京,46,A1,,0,0,0.14,7.1,61.2,75.0,6.52,50.0,68.1,0,60,44.7,66.6,0,61,41.5,52.4,10,5,1,1,0.1,1,12,3,3,0.14,4,6,5,5,0.14,2,,,,,,3,2,2,0.11,1,10,6,6,0.07,4,,,,,,,,,,,,,,,,,,,,,,,,,,,,,,,,,,,,,,,,,4159,向後 龍一,90期,埼玉,茨城,44,A2,,0,0,0.15,5.65,40.1,54.9,6.29,42.8,57.1,0,71,39.2,58.8,0,44,40.7,54.3,9,1,6,6,0.1,4,10,2,2,0.14,3,,,,,,9,1,1,0.09,1,3,3,3,0.11,4,9,5,5,0.09,3,,,,,,,,,,,,,,,,,,,,,,,,,,,,,,,,,,,,,,,,,5190,大月 遊雅,128期,東京,茨城,25,B1,,0,0,0.18,4.31,25.0,38.8,3.79,20.6,37.9,0,44,49.4,67.0,0,24,31.7,41.3,8,1,1,1,0.15,1,,,,,,5,3,3,0.08,2,10,6,6,0.15,4,3,4,4,0.12,2,8,3,3,0.24,5,,,,,,,,,,,,,,,,,,,,,,,,,,,,,,,,,,,,,,,,,5306,河内 悠利杏,132期,群馬,群馬,22,B1,,0,0,0.22,2.63,5.7,14.4,2.0,0.0,0.0,0,47,24.7,42.2,0,70,42.5,55.4,,1,2,2,0.21,6,8,3,3,0.16,6,2,4,4,0.17,4,,,,,,3,5,5,0.1,6,,,,,,,,,,,,,,,,,,,,,,,,,,,,,,,,,,,,,,,,,,,,,,4281,大澤 大夢,94期,埼玉,埼玉,42,B1,,0,0,0.14,4.79,23.6,42.1,5.0,26.9,50.0,0,23,37.6,56.4,0,69,30.8,51.0,12,2,2,2,0.22,2,9,4,4,0.06,1,6,1,1,0.11,1,,,,,,3,6,6,0.09,3,12,5,5,0.1,6,,,,,,,,,,,,,,,,,,,,,,,,,,,,,,,,,,,,,,,,
202601160404,2026-01-16,04,04R,3448,高山 秀雄,65期,群馬,群馬,55,B1,,0,0,0.19,4.57,22.0,45.4,5.18,27.2,54.5,0,20,38.0,53.0,0,62,38.8,50.5,8,2,4,4,0.52,6,,,,,,1,2,2,0.3,3,10,3,3,0.11,6,4,1,1,0.2,3,8,5,5,0.29,2,,,,,,,,,,,,,,,,,,,,,,,,,,,,,,,,,,,,,,,,,4155,長野 壮志郎,90期,福岡,福岡,45,A1,,0,0,0.16,6.24,45.2,64.2,7.05,59.4,75.6,0,29,33.0,51.0,0,17,40.4,52.5,11,,,,,,10,5,5,0.12,4,1,4,4,0.14,1,11,6,6,0.15,5,4,3,2,0.08,5,11,,1,,欠,,,,,,,,,,,,,,,,,,,,,,,,,,,,,,,,,,,,,,,,,5308,藤森 拓海,132期,福岡,福岡,21,B1,,0,0,0.19,3.51,12.8,28.5,0.0,0.0,0.0,0,59,42.4,57.5,0,16,26.0,46.7,10,6,4,4,0.21,3,,,,,,2,5,5,0.18,5,7,3,3,0.09,1,4,4,3,0.15,4,10,2,2,0.16,2,,,,,,,,,,,,,,,,,,,,,,,,,,,,,,,,,,,,,,,,,5090,生方 靖亜,124期,群馬,群馬,25,B1,,0,0,0.16,5.3,30.4,53.6,4.74,36.8,36.8,0,49,34.6,57.6,0,15,36.1,53.3,9,5,4,4,0.14,3,9,5,5,0.09,5,5,2,2,0.1,4,,,,,,4,5,4,0.1,1,9,3,3,0.09,1,,,,,,,,,,,,,,,,,,,,,,,,,,,,,,,,,,,,,,,,,4834,浜本 裕己,115期,大阪,大阪,38,A2,,0,0,0.14,5.96,37.6,57.4,4.0,16.6,50.0,0,54,41.7,52.4,0,59,40.8,58.0,12,3,2,2,0.25,6,9,1,1,0.12,2,,,,,,10,4,4,0.11,3,4,6,5,0.08,2,12,6,6,0.08,5,,,,,,,,,,,,,,,,,,,,,,,,,,,,,,,,,,,,,,,,,3161,古場 輝義,55期,大阪,長崎,65,B1,,0,0,0.18,5.39,33.9,59.2,4.78,33.3,44.4,0,25,42.3,60.5,0,57,38.8,57.7,,2,1,1,0.23,1,10,3,3,0.18,6,4,4,4,0.17,3,8,2,2,0.19,2,4,2,6,0.17,転,,,,,,,,,,,,,,,,,,,,,,,,,,,,,,,,,,,,,,,,,,,,,
202601160405,2026-01-16,04,05R,3952,中澤 和志,82期,埼玉,岩手,49,A1,,0,0,0.15,6.78,50.5,73.2,6.93,50.0,66.6,0,73,29.5,45.9,0,58,25.2,40.0,11,4,3,3,0.11,1,12,6,6,0.09,3,,,,,,7,2,2,0.07,2,5,1,1,0.16,1,11,4,5,0.17,2,,,,,,,,,,,,,,,,,,,,,,,,,,,,,,,,,,,,,,,,,4114,深澤 達徳,88期,東京,山梨,45,B1,,0,0,0.21,4.53,16.3,46.9,5.63,32.6,58.7,0,58,37.5,52.0,0,53,31.5,50.5,9,1,3,3,0.11,2,6,6,6,0.3,2,4,5,5,0.2,5,,,,,,5,2,2,0.2,3,9,4,4,0.12,5,,,,,,,,,,,,,,,,,,,,,,,,,,,,,,,,,,,,,,,,,3994,小野 桜,83期,滋賀,東京,46,B1,,0,0,0.2,5.44,34.9,53.9,4.0,0.0,0.0,0,45,39.2,57.8,0,55,38.8,60.1,10,6,1,1,0.1,1,11,3,3,0.14,3,,,,,,8,6,6,0.26,4,5,3,3,0.17,2,10,4,4,0.13,3,,,,,,,,,,,,,,,,,,,,,,,,,,,,,,,,,,,,,,,,,3804,中渡 修作,77期,福岡,鹿児島,51,B1,,0,0,0.17,4.68,30.4,42.6,3.89,22.2,33.3,0,33,29.5,50.0,0,68,23.8,41.6,12,1,4,4,0.07,3,7,1,1,0.05,4,1,6,6,0.21,2,,,,,,5,4,4,0.18,4,12,3,3,0.14,3,,,,,,,,,,,,,,,,,,,,,,,,,,,,,,,,,,,,,,,,,5340,樋江井 舞,134期,愛知,愛知,24,B1,,0,0,0.18,3.38,9.5,21.4,2.6,4.0,16.0,0,36,37.3,60.6,0,48,52.5,65.6,,1,5,5,0.07,5,,,,,,3,3,3,0.18,6,7,6,6,0.13,5,5,5,5,0.16,5,,,,,,,,,,,,,,,,,,,,,,,,,,,,,,,,,,,,,,,,,,,,,,3761,山本 光雄,76期,滋賀,滋賀,53,B1,,0,0,0.17,5.1,30.1,49.4,5.3,40.0,50.0,0,43,45.4,67.6,0,21,41.0,58.9,,3,1,1,0.12,1,7,5,5,0.08,6,2,2,2,0.15,2,11,4,4,0.14,4,5,6,6,0.22,6,,,,,,,,,,,,,,,,,,,,,,,,,,,,,,,,,,,,,,,,,,,,,
202601160406,2026-01-16,04,06R,4201,佐竹 友樹,91期,埼玉,宮城,43,B1,,0,0,0.16,3.36,15.1,24.2,5.26,26.0,56.5,0,46,41.4,56.5,0,50,38.5,56.6,,,,,,,7,6,6,0.11,5,3,4,4,0.11,5,8,3,3,0.17,5,6,1,1,0.17,1,,,,,,,,,,,,,,,,,,,,,,,,,,,,,,,,,,,,,,,,,,,,,,4917,岩橋 裕馬,118期,兵庫,大阪,37,B1,,0,0,0.17,4.58,23.3,37.6,0.0,0.0,0.0,0,72,34.3,59.8,0,13,41.9,66.9,1,6,3,3,0.16,4,,,,,,3,5,5,0.09,3,9,4,4,0.12,5,1,4,4,0.16,2,6,2,2,0.22,2,,,,,,,,,,,,,,,,,,,,,,,,,,,,,,,,,,,,,,,,,5072,吉田 杏美,124期,埼玉,埼玉,31,B2,,0,0,0.22,2.25,5.5,8.3,0.0,0.0,0.0,0,27,38.3,49.5,0,23,20.2,41.4,,5,5,5,0.19,5,11,2,2,0.16,2,,,,,,7,4,4,0.09,4,6,3,3,0.19,6,,,,,,,,,,,,,,,,,,,,,,,,,,,,,,,,,,,,,,,,,,,,,,4422,永井 亮次,99期,大阪,大阪,37,B1,,0,0,0.17,5.15,35.6,54.0,3.89,22.2,22.2,0,70,30.3,44.4,0,73,34.3,53.9,2,5,3,3,0.15,4,,,,,,4,6,6,0.16,4,12,3,4,0.14,4,2,1,1,0.17,3,6,4,4,0.24,5,,,,,,,,,,,,,,,,,,,,,,,,,,,,,,,,,,,,,,,,,3256,三角 哲男,58期,東京,千葉,58,A2,,0,0,0.14,5.72,42.2,58.8,6.36,43.1,65.5,0,24,34.6,53.0,0,74,30.8,48.9,12,,,,,,9,2,2,0.14,3,2,3,3,0.14,3,8,1,1,0.12,1,6,5,5,0.24,3,12,4,4,0.09,1,,,,,,,,,,,,,,,,,,,,,,,,,,,,,,,,,,,,,,,,,4311,岡村 仁,95期,大阪,大阪,41,A1,,0,0,0.14,6.39,47.6,67.5,7.27,45.4,90.9,0,56,39.0,57.0,0,65,36.8,49.4,,6,5,5,0.16,5,12,4,4,0.07,1,5,1,1,0.07,1,11,2,2,0.11,1,6,6,6,0.23,4,,,,,,,,,,,,,,,,,,,,,,,,,,,,,,,,,,,,,,,,,,,,,
202601160407,2026-01-16,04,07R,3986,沖島 広和,83期,福岡,福岡,47,B1,,0,0,0.18,5.2,30.1,51.8,4.55,27.2,45.4,0,74,28.5,45.9,0,11,28.5,43.8,2,3,4,4,0.08,4,,,,,,5,6,6,0.14,6,9,2,2,0.13,2,2,5,5,0.18,2,7,1,1,0.06,3,,,,,,,,,,,,,,,,,,,,,,,,,,,,,,,,,,,,,,,,,3606,川北 浩貴,71期,滋賀,滋賀,54,B1,,0,0,0.18,5.35,33.0,55.6,5.17,26.6,46.6,0,28,33.0,46.6,0,54,32.2,44.4,3,4,4,4,0.12,2,,,,,,5,5,5,0.14,5,12,5,6,0.17,3,3,1,1,0.09,5,7,2,2,0.07,1,,,,,,,,,,,,,,,,,,,,,,,,,,,,,,,,,,,,,,,,,3637,齋藤 和政,72期,愛知,愛知,55,B1,,0,0,0.18,4.3,25.6,41.4,4.38,23.0,46.1,0,65,32.6,47.5,0,14,30.9,48.4,1,,,,,,8,6,6,0.19,5,6,4,4,0.18,4,11,3,3,0.14,6,1,1,1,0.19,5,7,3,3,0.11,5,,,,,,,,,,,,,,,,,,,,,,,,,,,,,,,,,,,,,,,,,3895,堀本 裕也,80期,愛知,愛知,49,B1,,0,0,0.18,3.5,20.4,25.0,3.0,0.0,11.1,0,62,35.6,50.5,0,60,27.7,43.3,,3,3,3,0.2,5,,,,,,1,5,5,0.15,6,6,2,2,0.22,5,,,,,,7,4,4,0.16,6,,,,,,,,,,,,,,,,,,,,,,,,,,,,,,,,,,,,,,,,,4188,久田 敏之,91期,群馬,群馬,44,A1,,0,0,0.13,7.7,63.4,76.3,6.44,44.4,55.5,0,40,31.3,48.4,0,22,22.6,34.6,,3,6,6,0.05,3,12,2,2,0.15,5,8,4,4,0.16,3,12,1,1,0.1,1,,,,,,7,5,5,0.05,2,,,,,,,,,,,,,,,,,,,,,,,,,,,,,,,,,,,,,,,,,4225,土屋 千明,92期,群馬,群馬,43,A2,,0,0,0.17,5.77,38.8,57.7,7.0,55.0,80.0,0,19,38.7,54.0,0,47,34.0,53.1,12,,,,,,11,5,5,0.08,5,4,3,3,0.12,2,11,1,1,0.11,2,7,6,6,0.06,4,12,2,2,0.1,2,,,,,,,,,,,,,,,,,,,,,,,,,,,,,,,,,,,,,,,,
202601160408,2026-01-16,04,08R,4607,鶴田 勇雄,106期,福岡,福岡,36,A2,,0,0,0.18,5.55,36.9,57.1,5.24,29.4,47.0,0,53,33.9,49.5,0,64,32.9,53.8,2,4,6,6,0.14,4,9,3,3,0.13,6,,,,,,11,5,5,0.11,3,2,2,2,0.31,4,8,1,1,0.27,3,,,,,,,,,,,,,,,,,,,,,,,,,,,,,,,,,,,,,,,,,3340,池田 雷太,62期,東京,東京,60,B1,,0,0,0.19,3.9,18.8,28.8,4.97,31.2,43.7,0,17,37.1,57.7,0,72,22.6,33.3,1,5,6,6,0.2,6,,,,,,1,1,1,0.21,4,8,5,5,0.18,6,1,3,3,0.14,1,8,2,2,0.24,4,,,,,,,,,,,,,,,,,,,,,,,,,,,,,,,,,,,,,,,,,5190,大月 遊雅,128期,東京,茨城,25,B1,,0,0,0.18,4.31,25.0,38.8,3.79,20.6,37.9,0,44,49.4,67.0,0,24,31.7,41.3,3,1,1,1,0.15,1,,,,,,5,3,3,0.08,2,10,6,6,0.15,4,3,4,4,0.12,2,8,3,3,0.24,5,,,,,,,,,,,,,,,,,,,,,,,,,,,,,,,,,,,,,,,,,3854,吉川 元浩,79期,兵庫,兵庫,53,A1,,1,0,0.13,6.67,43.9,64.2,6.92,42.3,57.6,0,22,33.3,47.4,0,51,37.3,61.6,12,7,2,2,0.05,2,12,5,5,0.12,6,,,,,,9,6,6,0.09,3,8,4,4,0.21,6,12,1,1,0.1,4,,,,,,,,,,,,,,,,,,,,,,,,,,,,,,,,,,,,,,,,,3448,高山 秀雄,65期,群馬,群馬,55,B1,,0,0,0.19,4.57,22.0,45.4,5.18,27.2,54.5,0,20,38.0,53.0,0,62,38.8,50.5,4,2,4,4,0.52,6,,,,,,1,2,2,0.3,3,10,3,3,0.11,6,4,1,1,0.2,3,8,5,5,0.29,2,,,,,,,,,,,,,,,,,,,,,,,,,,,,,,,,,,,,,,,,,5057,上田 紗奈,123期,大阪,大阪,29,B1,,0,0,0.16,4.95,32.4,47.3,4.35,17.6,41.1,0,63,43.5,61.3,0,66,39.1,56.7,,4,1,1,0.13,5,11,4,4,0.12,6,6,3,3,0.19,6,,,,,,,,,,,8,6,6,0.15,1,,,,,,,,,,,,,,,,,,,,,,,,,,,,,,,,,,,,,,,,
202601160409,2026-01-16,04,09R,4676,後藤 隼之,109期,東京,東京,37,B1,,0,0,0.15,5.03,30.1,49.4,4.84,25.0,40.6,0,68,37.6,53.4,0,75,38.3,57.5,2,2,5,6,0.42,4,7,3,3,0.04,1,5,4,4,0.15,3,,,,,,2,3,3,0.18,1,9,1,1,0.12,6,,,,,,,,,,,,,,,,,,,,,,,,,,,,,,,,,,,,,,,,,4123,細川 裕子,88期,愛知,愛知,44,A1,,0,0,0.19,6.49,44.9,66.3,6.75,50.0,75.0,0,12,36.7,52.0,0,18,34.5,56.6,,2,6,5,0.5,5,11,1,1,0.12,1,3,6,6,0.06,4,12,2,3,0.15,5,,,,,,9,2,2,0.11,2,,,,,,,,,,,,,,,,,,,,,,,,,,,,,,,,,,,,,,,,,5090,生方 靖亜,124期,群馬,群馬,25,B1,,0,0,0.16,5.3,30.4,53.6,4.74,36.8,36.8,0,49,34.6,57.6,0,15,36.1,53.3,4,5,4,4,0.14,3,9,5,5,0.09,5,5,2,2,0.1,4,,,,,,4,5,4,0.1,1,9,3,3,0.09,1,,,,,,,,,,,,,,,,,,,,,,,,,,,,,,,,,,,,,,,,,4114,深澤 達徳,88期,東京,山梨,45,B1,,0,0,0.21,4.53,16.3,46.9,5.63,32.6,58.7,0,58,37.5,52.0,0,53,31.5,50.5,5,1,3,3,0.11,2,6,6,6,0.3,2,4,5,5,0.2,5,,,,,,5,2,2,0.2,3,9,4,4,0.12,5,,,,,,,,,,,,,,,,,,,,,,,,,,,,,,,,,,,,,,,,,4159,向後 龍一,90期,埼玉,茨城,44,A2,,0,0,0.15,5.65,40.1,54.9,6.29,42.8,57.1,0,71,39.2,58.8,0,44,40.7,54.3,3,1,6,6,0.1,4,10,2,2,0.14,3,,,,,,9,1,1,0.09,1,3,3,3,0.11,4,9,5,5,0.09,3,,,,,,,,,,,,,,,,,,,,,,,,,,,,,,,,,,,,,,,,,4573,佐藤 翼,105期,埼玉,埼玉,37,A1,,0,0,0.13,6.61,35.2,57.1,7.0,57.8,68.4,0,75,29.9,41.2,0,46,25.5,31.4,,8,4,4,0.12,1,12,1,1,0.15,2,4,2,2,0.12,1,10,5,5,0.11,2,,,,,,9,6,6,0.1,4,,,,,,,,,,,,,,,,,,,,,,,,,,,,,,,,,,,,,,,,
202601160410,2026-01-16,04,10R,4927,関野 文,118期,大阪,大阪,32,A2,,0,0,0.16,5.72,36.2,54.3,6.35,55.0,65.0,0,66,35.0,46.0,0,67,39.3,58.5,1,7,4,4,0.07,3,11,6,6,0.1,4,,,,,,10,2,2,0.12,5,1,5,5,0.14,6,10,1,1,0.08,6,,,,,,,,,,,,,,,,,,,,,,,,,,,,,,,,,,,,,,,,,5308,藤森 拓海,132期,福岡,福岡,21,B1,,0,0,0.19,3.51,12.8,28.5,0.0,0.0,0.0,0,59,42.4,57.5,0,16,26.0,46.7,4,6,4,4,0.21,3,,,,,,2,5,5,0.18,5,7,3,3,0.09,1,4,4,3,0.15,4,10,2,2,0.16,2,,,,,,,,,,,,,,,,,,,,,,,,,,,,,,,,,,,,,,,,,4644,山田 亮太,108期,東京,東京,46,A2,,0,0,0.15,6.14,46.1,57.6,6.11,39.4,55.2,0,41,43.8,60.2,0,52,37.6,57.4,,4,5,5,0.08,3,10,4,4,0.11,5,3,2,2,0.14,2,10,1,1,0.08,1,,,,,,10,3,3,0.12,5,,,,,,,,,,,,,,,,,,,,,,,,,,,,,,,,,,,,,,,,,3994,小野 桜,83期,滋賀,東京,46,B1,,0,0,0.2,5.44,34.9,53.9,4.0,0.0,0.0,0,45,39.2,57.8,0,55,38.8,60.1,5,6,1,1,0.1,1,11,3,3,0.14,3,,,,,,8,6,6,0.26,4,5,3,3,0.17,2,10,4,4,0.13,3,,,,,,,,,,,,,,,,,,,,,,,,,,,,,,,,,,,,,,,,,4731,間野 兼礼,111期,愛知,愛知,36,B1,,1,0,0.15,4.74,29.4,45.8,5.76,41.1,58.8,0,57,31.9,46.3,0,63,22.7,37.5,2,5,2,2,0.16,2,10,6,6,0.12,2,2,1,1,0.13,1,,,,,,2,4,4,0.17,5,10,5,5,0.11,1,,,,,,,,,,,,,,,,,,,,,,,,,,,,,,,,,,,,,,,,,4083,福島 勇樹,87期,東京,東京,46,A1,,0,0,0.14,7.1,61.2,75.0,6.52,50.0,68.1,0,60,44.7,66.6,0,61,41.5,52.4,3,5,1,1,0.1,1,12,3,3,0.14,4,6,5,5,0.14,2,,,,,,3,2,2,0.11,1,10,6,6,0.07,4,,,,,,,,,,,,,,,,,,,,,,,,,,,,,,,,,,,,,,,,
202601160411,2026-01-16,04,11R,4155,長野 壮志郎,90期,欠場,,,A1,,0,0,,,,,,,,,,,,,,,,,,,,,,10,5,5,0.12,4,1,4,4,0.14,1,11,6,6,0.15,5,4,3,2,0.08,5,11,,1,,欠,,,,,,,,,,,,,,,,,,,,,,,,,,,,,,,,,,,,,,,,,4588,田中 京介,105期,福岡,福岡,34,A2,,0,0,0.15,5.65,38.5,57.3,7.29,58.8,76.4,0,67,36.4,56.0,0,12,16.0,33.3,,2,3,3,0.27,3,8,1,1,0.13,4,2,6,6,0.19,6,9,5,5,0.15,4,,,,,,11,1,2,0.14,4,,,,,,,,,,,,,,,,,,,,,,,,,,,,,,,,,,,,,,,,,3718,伊達 正利,74期,静岡,静岡,50,B1,,0,0,0.17,4.03,23.4,32.9,3.93,21.4,35.7,0,34,49.0,66.6,0,19,35.9,56.1,2,3,5,5,0.08,2,8,2,2,0.18,3,3,1,1,0.07,1,,,,,,2,6,6,0.2,6,11,2,3,0.19,5,,,,,,,,,,,,,,,,,,,,,,,,,,,,,,,,,,,,,,,,,3686,鳥居塚 孝博,73期,群馬,群馬,50,A2,,0,0,0.14,5.81,39.6,59.5,7.14,71.4,85.7,0,55,51.4,63.8,0,10,37.9,57.4,,6,2,2,0.11,6,10,1,1,0.17,1,6,6,6,0.19,3,12,4,5,0.12,2,,,,,,11,3,4,0.14,1,,,,,,,,,,,,,,,,,,,,,,,,,,,,,,,,,,,,,,,,,3952,中澤 和志,82期,埼玉,岩手,49,A1,,0,0,0.15,6.78,50.5,73.2,6.93,50.0,66.6,0,73,29.5,45.9,0,58,25.2,40.0,5,4,3,3,0.11,1,12,6,6,0.09,3,,,,,,7,2,2,0.07,2,5,1,1,0.16,1,11,4,5,0.17,2,,,,,,,,,,,,,,,,,,,,,,,,,,,,,,,,,,,,,,,,,3463,乙津 康志,66期,東京,東京,58,B1,,0,0,0.2,4.06,15.1,31.6,4.72,32.0,44.0,0,14,37.2,55.8,0,56,30.6,45.5,1,,,,,,8,5,5,0.15,2,1,3,3,0.24,5,7,1,1,0.1,3,1,2,2,0.16,4,11,5,6,0.19,3,,,,,,,,,,,,,,,,,,,,,,,,,,,,,,,,,,,,,,,,
202601160412,2026-01-16,04,12R,3854,吉川 元浩,79期,兵庫,兵庫,53,A1,,1,0,0.13,6.67,43.9,64.2,6.92,42.3,57.6,0,22,33.3,47.4,0,51,37.3,61.6,8,7,2,2,0.05,2,12,5,5,0.12,6,,,,,,9,6,6,0.09,3,8,4,4,0.21,6,12,1,1,0.1,4,,,,,,,,,,,,,,,,,,,,,,,,,,,,,,,,,,,,,,,,,4225,土屋 千明,92期,群馬,群馬,43,A2,,0,0,0.17,5.77,38.8,57.7,7.0,55.0,80.0,0,19,38.7,54.0,0,47,34.0,53.1,7,,,,,,11,5,5,0.08,5,4,3,3,0.12,2,11,1,1,0.11,2,7,6,6,0.06,4,12,2,2,0.1,2,,,,,,,,,,,,,,,,,,,,,,,,,,,,,,,,,,,,,,,,,3804,中渡 修作,77期,福岡,鹿児島,51,B1,,0,0,0.17,4.68,30.4,42.6,3.89,22.2,33.3,0,33,29.5,50.0,0,68,23.8,41.6,5,1,4,4,0.07,3,7,1,1,0.05,4,1,6,6,0.21,2,,,,,,5,4,4,0.18,4,12,3,3,0.14,3,,,,,,,,,,,,,,,,,,,,,,,,,,,,,,,,,,,,,,,,,3256,三角 哲男,58期,東京,千葉,58,A2,,0,0,0.14,5.72,42.2,58.8,6.36,43.1,65.5,0,24,34.6,53.0,0,74,30.8,48.9,6,,,,,,9,2,2,0.14,3,2,3,3,0.14,3,8,1,1,0.12,1,6,5,5,0.24,3,12,4,4,0.09,1,,,,,,,,,,,,,,,,,,,,,,,,,,,,,,,,,,,,,,,,,4281,大澤 大夢,94期,埼玉,埼玉,42,B1,,0,0,0.14,4.79,23.6,42.1,5.0,26.9,50.0,0,23,37.6,56.4,0,69,30.8,51.0,3,2,2,2,0.22,2,9,4,4,0.06,1,6,1,1,0.11,1,,,,,,3,6,6,0.09,3,12,5,5,0.1,6,,,,,,,,,,,,,,,,,,,,,,,,,,,,,,,,,,,,,,,,,4834,浜本 裕己,115期,大阪,大阪,38,A2,,0,0,0.14,5.96,37.6,57.4,4.0,16.6,50.0,0,54,41.7,52.4,0,59,40.8,58.0,4,3,2,2,0.25,6,9,1,1,0.12,2,,,,,,10,4,4,0.11,3,4,6,5,0.08,2,12,6,6,0.08,5,,,,,,,,,,,,,,,,,,,,,,,,,,,,,,,,,,,,,,,,
202601160601,2026-01-16,06,01R,3796,長野 道臣,77期,静岡,静岡,52,B1,,0,0,0.16,4.85,27.8,44.3,5.32,36.3,50.6,0,21,46.5,61.9,0,31,21.4,37.5,9,5,4,4,0.06,1,,,,,,1,1,1,0.26,2,9,5,5,0.21,5,,,,,,,,,,,,,,,,,,,,,,,,,,,,,,,,,,,,,,,,,,,,,,,,,,,4047,吉永 浩則,85期,大阪,大阪,45,B1,,0,0,0.17,4.25,21.4,38.1,3.73,18.1,27.2,0,44,38.8,55.4,0,49,29.8,50.8,,2,4,4,0.16,3,8,5,5,0.15,3,1,2,2,0.17,6,,,,,,,,,,,,,,,,,,,,,,,,,,,,,,,,,,,,,,,,,,,,,,,,,,,,,,,,5100,栗原 一馬,125期,群馬,群馬,29,B1,,0,0,0.18,4.39,23.4,35.9,3.67,13.9,32.5,0,26,37.8,55.5,0,12,38.6,50.8,8,5,2,2,0.22,6,,,,,,1,3,3,0.18,4,8,6,6,0.18,6,,,,,,,,,,,,,,,,,,,,,,,,,,,,,,,,,,,,,,,,,,,,,,,,,,,3589,西村 勝,70期,埼玉,埼玉,52,B1,,0,0,0.16,4.04,20.8,36.1,3.67,15.1,30.3,0,66,33.9,48.5,0,36,14.5,33.3,7,,,,,,9,6,6,0.16,4,1,4,4,0.21,1,7,2,2,0.33,6,,,,,,,,,,,,,,,,,,,,,,,,,,,,,,,,,,,,,,,,,,,,,,,,,,,4474,渡辺 崇,101期,福岡,大分,38,B1,,0,0,0.19,5.07,31.0,47.1,0.0,0.0,0.0,0,3,30.0,46.6,0,72,40.0,58.1,6,4,1,1,0.13,5,,,,,,1,5,5,0.22,3,6,4,4,0.24,4,,,,,,,,,,,,,,,,,,,,,,,,,,,,,,,,,,,,,,,,,,,,,,,,,,,4720,西澤 日花里,110期,長崎,熊本,31,B1,,0,0,0.19,4.14,15.7,40.0,4.9,20.0,40.0,0,6,34.3,51.7,0,27,26.3,43.8,10,,,,,,7,5,5,0.23,4,1,6,6,0.31,5,10,2,2,0.17,5,,,,,,,,,,,,,,,,,,,,,,,,,,,,,,,,,,,,,,,,,,,,,,,,,,
202601160602,2026-01-16,06,02R,5061,中村 駿平,123期,愛知,愛知,28,B1,,0,0,0.15,4.21,24.6,34.5,0.0,0.0,0.0,0,11,34.4,49.4,0,35,25.0,40.3,,1,4,4,0.24,4,10,6,6,0.28,6,2,1,1,0.22,3,,,,,,,,,,,,,,,,,,,,,,,,,,,,,,,,,,,,,,,,,,,,,,,,,,,,,,,,4505,島田 賢人,102期,埼玉,埼玉,37,A2,,0,0,0.16,6.15,43.9,59.8,6.5,47.3,65.7,0,47,31.9,44.6,0,75,28.0,48.0,8,4,4,5,0.14,1,11,3,3,0.13,4,2,2,2,0.17,1,8,1,1,0.11,1,,,,,,,,,,,,,,,,,,,,,,,,,,,,,,,,,,,,,,,,,,,,,,,,,,,4819,蜂須 瑞生,114期,群馬,群馬,34,A2,,0,0,0.16,6.3,45.2,69.0,5.85,34.6,57.6,0,2,35.5,53.1,0,65,41.3,62.0,12,,,,,,7,4,4,0.11,3,2,3,3,0.15,2,12,6,6,0.25,6,,,,,,,,,,,,,,,,,,,,,,,,,,,,,,,,,,,,,,,,,,,,,,,,,,,3566,川添 英正,70期,福岡,福岡,55,B1,,0,0,0.18,5.14,30.2,54.6,5.44,33.3,66.6,0,38,30.5,48.9,0,16,21.5,29.4,11,6,1,1,0.18,1,,,,,,2,4,4,0.19,5,11,3,3,0.13,4,,,,,,,,,,,,,,,,,,,,,,,,,,,,,,,,,,,,,,,,,,,,,,,,,,,5347,井澤 聖奈,134期,愛知,長野,22,B2,,0,0,0.21,1.64,0.0,1.6,1.44,0.0,0.0,0,61,27.9,48.2,0,24,33.3,45.6,7,2,6,6,0.2,6,,,,,,2,5,5,0.28,6,7,4,4,0.23,5,,,,,,,,,,,,,,,,,,,,,,,,,,,,,,,,,,,,,,,,,,,,,,,,,,,4545,岡村 慶太,104期,福岡,福岡,37,A1,,0,0,0.14,6.81,50.8,69.6,3.6,20.0,20.0,0,17,29.9,49.7,0,73,33.9,47.4,9,5,1,1,0.12,5,12,5,5,0.16,6,2,6,6,0.18,4,9,4,4,0.19,3,,,,,,,,,,,,,,,,,,,,,,,,,,,,,,,,,,,,,,,,,,,,,,,,,,
202601160603,2026-01-16,06,03R,5011,高木 圭大,121期,長崎,長崎,28,B1,,0,0,0.18,3.96,16.2,33.7,3.07,10.7,14.2,0,7,34.8,58.7,0,48,40.9,54.1,,5,6,6,0.11,4,9,2,2,0.13,5,3,1,1,0.15,6,,,,,,,,,,,,,,,,,,,,,,,,,,,,,,,,,,,,,,,,,,,,,,,,,,,,,,,,3655,本橋 克洋,72期,群馬,群馬,52,A2,,0,0,0.17,5.44,34.2,58.5,5.65,43.4,52.1,0,65,36.9,56.6,0,52,25.4,44.0,11,2,3,3,0.11,2,10,4,5,0.21,3,3,2,2,0.24,2,11,6,6,0.22,6,,,,,,,,,,,,,,,,,,,,,,,,,,,,,,,,,,,,,,,,,,,,,,,,,,,3277,齋藤 勇,59期,東京,東京,59,B1,,0,0,0.17,4.63,30.6,43.1,3.79,10.2,23.0,0,5,32.6,47.8,0,33,30.7,55.7,8,1,5,5,0.25,3,,,,,,3,3,3,0.15,4,8,2,2,0.15,3,,,,,,,,,,,,,,,,,,,,,,,,,,,,,,,,,,,,,,,,,,,,,,,,,,,4134,杉山 貴博,89期,東京,千葉,45,A2,,1,0,0.16,6.28,49.1,65.8,0.0,0.0,0.0,0,13,39.7,58.1,0,13,27.4,41.1,7,6,5,5,0.12,4,10,1,1,0.16,1,3,4,4,0.15,1,7,3,3,0.3,4,,,,,,,,,,,,,,,,,,,,,,,,,,,,,,,,,,,,,,,,,,,,,,,,,,,4512,高野 哲史,102期,兵庫,兵庫,36,A1,,0,0,0.16,7.27,54.2,73.6,7.0,50.0,87.5,0,14,31.1,49.4,0,57,41.6,60.0,10,6,6,6,0.05,6,12,3,3,0.09,5,3,5,5,0.16,3,10,1,1,0.16,1,,,,,,,,,,,,,,,,,,,,,,,,,,,,,,,,,,,,,,,,,,,,,,,,,,,4065,金田 幸子,86期,岡山,岡山,46,B1,,0,0,0.17,4.48,32.9,40.2,4.5,25.0,25.0,0,33,29.1,50.3,0,25,38.9,55.9,9,4,2,2,0.16,6,,,,,,3,6,6,0.15,5,9,3,3,0.19,6,,,,,,,,,,,,,,,,,,,,,,,,,,,,,,,,,,,,,,,,,,,,,,,,,,
202601160604,2026-01-16,06,04R,5065,伊久間 陽優,123期,群馬,群馬,27,B1,,0,0,0.12,5.52,45.1,52.4,4.56,31.2,43.7,0,46,35.2,53.5,0,20,30.7,36.5,12,3,5,5,0.03,1,,,,,,4,1,1,0.07,1,12,3,3,0.13,3,,,,,,,,,,,,,,,,,,,,,,,,,,,,,,,,,,,,,,,,,,,,,,,,,,,4146,柳橋 宏紀,89期,滋賀,京都,44,B1,,0,0,0.16,4.96,28.7,46.3,0.0,0.0,0.0,0,32,48.5,63.7,0,62,23.9,43.4,11,5,3,3,0.24,3,,,,,,4,2,2,0.07,2,11,4,4,0.11,5,,,,,,,,,,,,,,,,,,,,,,,,,,,,,,,,,,,,,,,,,,,,,,,,,,,4053,芦澤 望,86期,東京,千葉,47,A2,,0,0,0.15,5.92,42.4,57.5,6.0,45.4,54.5,0,34,38.3,58.5,0,39,26.3,49.1,10,,,,,,8,4,4,0.34,5,4,3,3,0.07,3,10,6,6,0.14,4,,,,,,,,,,,,,,,,,,,,,,,,,,,,,,,,,,,,,,,,,,,,,,,,,,,5250,嶋田 有里,130期,長崎,熊本,23,B1,,0,0,0.2,3.69,16.9,30.5,0.0,0.0,0.0,0,55,25.7,40.8,0,11,19.1,34.0,,1,6,6,0.3,6,7,2,2,0.25,6,4,4,4,0.22,6,,,,,,,,,,,,,,,,,,,,,,,,,,,,,,,,,,,,,,,,,,,,,,,,,,,,,,,,5055,眞鳥 章太,123期,長崎,長崎,30,A2,,0,0,0.15,5.73,38.7,54.8,5.5,30.0,60.0,0,19,40.4,57.3,0,54,37.7,54.1,9,6,3,3,0.11,3,11,2,2,0.12,5,4,5,5,0.2,5,9,1,1,0.16,1,,,,,,,,,,,,,,,,,,,,,,,,,,,,,,,,,,,,,,,,,,,,,,,,,,,4539,金子 賢志,103期,群馬,群馬,35,A1,,0,0,0.14,6.22,45.5,58.0,5.97,47.2,55.5,0,59,24.3,38.2,0,28,22.8,43.8,8,8,2,2,0.17,2,12,4,4,0.12,3,4,6,6,0.22,4,8,3,3,0.12,2,,,,,,,,,,,,,,,,,,,,,,,,,,,,,,,,,,,,,,,,,,,,,,,,,,
202601160605,2026-01-16,06,05R,4532,秋元 哲,103期,埼玉,栃木,37,A1,,0,0,0.13,6.96,55.8,70.8,7.42,63.1,84.2,0,64,33.8,49.1,0,17,28.5,46.9,11,3,4,4,0.07,2,12,2,2,0.14,2,5,1,1,0.09,1,11,5,5,0.18,3,,,,,,,,,,,,,,,,,,,,,,,,,,,,,,,,,,,,,,,,,,,,,,,,,,,4365,盛本 真輔,97期,兵庫,兵庫,40,B1,,0,0,0.17,5.47,37.6,56.4,5.75,38.8,58.3,0,23,43.0,61.4,0,55,37.2,52.9,,3,1,1,0.17,3,10,5,4,0.18,4,5,2,2,0.12,3,,,,,,,,,,,,,,,,,,,,,,,,,,,,,,,,,,,,,,,,,,,,,,,,,,,,,,,,4964,土屋 南,119期,岡山,岡山,28,B2,,0,0,0.2,6.54,40.0,71.4,0.0,0.0,0.0,0,40,27.9,47.0,0,58,49.1,64.4,,7,1,1,0.09,1,11,4,5,0.12,2,5,3,3,0.14,2,,,,,,,,,,,,,,,,,,,,,,,,,,,,,,,,,,,,,,,,,,,,,,,,,,,,,,,,4229,市川 美宏,92期,静岡,静岡,42,B1,,0,0,0.18,3.92,16.9,29.2,4.16,15.7,42.1,0,39,39.5,59.8,0,37,38.6,63.1,,1,1,1,0.25,5,9,5,5,0.17,6,5,4,4,0.09,4,,,,,,,,,,,,,,,,,,,,,,,,,,,,,,,,,,,,,,,,,,,,,,,,,,,,,,,,4211,村田 敦,91期,東京,神奈川,42,B1,,0,0,0.13,3.75,11.9,34.3,4.06,23.5,29.4,0,28,36.4,54.7,0,64,32.7,51.7,10,4,6,4,0.17,4,,,,,,5,5,5,0.08,6,10,3,3,0.12,6,,,,,,,,,,,,,,,,,,,,,,,,,,,,,,,,,,,,,,,,,,,,,,,,,,,4565,西村 豪洋,105期,愛知,愛知,38,B1,,0,0,0.18,3.89,17.5,32.4,5.04,26.9,50.0,0,12,35.1,54.4,0,26,31.5,45.6,12,6,2,2,0.1,2,,,,,,5,6,6,0.15,5,12,5,5,0.23,5,,,,,,,,,,,,,,,,,,,,,,,,,,,,,,,,,,,,,,,,,,,,,,,,,,
202601160606,2026-01-16,06,06R,4992,廣瀬 篤哉,120期,滋賀,京都,28,B1,,0,0,0.16,4.14,27.7,32.2,5.05,38.1,42.8,0,8,35.0,52.0,0,32,42.3,62.7,,2,5,5,0.14,4,9,3,3,0.11,3,6,1,1,0.11,1,,,,,,,,,,,,,,,,,,,,,,,,,,,,,,,,,,,,,,,,,,,,,,,,,,,,,,,,3965,北中 元樹,82期,滋賀,滋賀,46,A2,,0,0,0.17,6.08,46.6,62.8,0.0,0.0,0.0,0,27,46.5,63.0,0,34,37.5,60.7,10,,,,,,11,1,1,0.12,1,6,2,2,0.14,2,10,5,5,0.17,3,,,,,,,,,,,,,,,,,,,,,,,,,,,,,,,,,,,,,,,,,,,,,,,,,,,3313,本吉 正樹,61期,東京,東京,60,B1,,0,0,0.19,4.13,20.5,29.4,3.25,0.0,20.0,0,49,24.4,35.5,0,63,24.0,48.0,,5,5,5,0.09,2,10,2,2,0.21,5,6,3,3,0.12,3,,,,,,,,,,,,,,,,,,,,,,,,,,,,,,,,,,,,,,,,,,,,,,,,,,,,,,,,4474,渡辺 崇,101期,福岡,大分,38,B1,,0,0,0.19,5.07,31.0,47.1,0.0,0.0,0.0,0,3,30.0,46.6,0,72,40.0,58.1,1,4,1,1,0.13,5,,,,,,1,5,5,0.22,3,6,4,4,0.24,4,,,,,,,,,,,,,,,,,,,,,,,,,,,,,,,,,,,,,,,,,,,,,,,,,,,4637,中田 友也,107期,埼玉,埼玉,35,A2,,1,0,0.16,5.85,41.9,58.0,5.8,40.0,60.0,0,4,30.7,47.2,0,53,27.8,45.9,12,,,,,,8,1,1,0.18,1,6,5,5,0.3,6,12,2,2,0.15,2,,,,,,,,,,,,,,,,,,,,,,,,,,,,,,,,,,,,,,,,,,,,,,,,,,,4050,田口 節子,85期,岡山,岡山,45,A1,,0,0,0.14,7.16,61.8,73.0,6.38,37.5,62.5,0,62,32.2,49.7,0,60,27.5,37.9,11,7,3,3,0.14,2,12,1,1,0.11,1,6,6,6,0.31,5,11,2,2,0.11,2,,,,,,,,,,,,,,,,,,,,,,,,,,,,,,,,,,,,,,,,,,,,,,,,,,
202601160607,2026-01-16,06,07R,5329,金子 龍斗,133期,兵庫,兵庫,22,B1,,0,0,0.17,4.54,23.7,40.2,3.09,9.0,18.1,0,30,44.5,57.5,0,74,34.6,61.2,,1,3,3,0.21,1,8,6,6,0.12,6,,,,,,7,1,1,0.34,2,,,,,,,,,,,,,,,,,,,,,,,,,,,,,,,,,,,,,,,,,,,,,,,,,,,3589,西村 勝,70期,埼玉,埼玉,52,B1,,0,0,0.16,4.04,20.8,36.1,3.67,15.1,30.3,0,66,33.9,48.5,0,36,14.5,33.3,1,,,,,,9,6,6,0.16,4,1,4,4,0.21,1,7,2,2,0.33,6,,,,,,,,,,,,,,,,,,,,,,,,,,,,,,,,,,,,,,,,,,,,,,,,,,,4134,杉山 貴博,89期,東京,千葉,45,A2,,1,0,0.16,6.28,49.1,65.8,0.0,0.0,0.0,0,13,39.7,58.1,0,13,27.4,41.1,3,6,5,5,0.12,4,10,1,1,0.16,1,3,4,4,0.15,1,7,3,3,0.3,4,,,,,,,,,,,,,,,,,,,,,,,,,,,,,,,,,,,,,,,,,,,,,,,,,,,5347,井澤 聖奈,134期,愛知,長野,22,B2,,0,0,0.21,1.64,0.0,1.6,1.44,0.0,0.0,0,61,27.9,48.2,0,24,33.3,45.6,2,2,6,6,0.2,6,,,,,,2,5,5,0.28,6,7,4,4,0.23,5,,,,,,,,,,,,,,,,,,,,,,,,,,,,,,,,,,,,,,,,,,,,,,,,,,,3995,重野 哲之,83期,静岡,静岡,46,A1,,0,0,0.12,6.04,41.1,62.2,6.87,52.7,78.0,0,25,30.0,50.3,0,59,27.6,42.5,12,2,2,2,0.11,1,12,6,6,0.12,4,7,5,5,0.08,1,12,1,1,0.1,1,,,,,,,,,,,,,,,,,,,,,,,,,,,,,,,,,,,,,,,,,,,,,,,,,,,3805,高橋 英之,77期,東京,東京,51,A2,賞除,1,0,0.13,5.32,32.2,53.2,6.13,38.7,64.5,0,36,38.5,58.3,0,41,36.2,60.3,,3,3,3,0.01,F,11,5,6,0.21,3,,,,,,7,6,6,0.17,3,,,,,,,,,,,,,,,,,,,,,,,,,,,,,,,,,,,,,,,,,,,,,,,,,,
202601160608,2026-01-16,06,08R,4505,島田 賢人,102期,埼玉,埼玉,37,A2,,0,0,0.16,6.15,43.9,59.8,6.5,47.3,65.7,0,47,31.9,44.6,0,75,28.0,48.0,2,4,4,5,0.14,1,11,3,3,0.13,4,2,2,2,0.17,1,8,1,1,0.11,1,,,,,,,,,,,,,,,,,,,,,,,,,,,,,,,,,,,,,,,,,,,,,,,,,,,3277,齋藤 勇,59期,東京,東京,59,B1,,0,0,0.17,4.63,30.6,43.1,3.79,10.2,23.0,0,5,32.6,47.8,0,33,30.7,55.7,3,1,5,5,0.25,3,,,,,,3,3,3,0.15,4,8,2,2,0.15,3,,,,,,,,,,,,,,,,,,,,,,,,,,,,,,,,,,,,,,,,,,,,,,,,,,,4539,金子 賢志,103期,群馬,群馬,35,A1,,0,0,0.14,6.22,45.5,58.0,5.97,47.2,55.5,0,59,24.3,38.2,0,28,22.8,43.8,4,8,2,2,0.17,2,12,4,4,0.12,3,4,6,6,0.22,4,8,3,3,0.12,2,,,,,,,,,,,,,,,,,,,,,,,,,,,,,,,,,,,,,,,,,,,,,,,,,,,4443,津田 裕絵,100期,山口,山口,39,A2,,0,0,0.19,5.68,36.1,58.5,4.38,12.5,37.5,0,31,33.5,52.9,0,47,33.3,42.1,,3,2,2,0.02,5,7,6,6,0.28,5,,,,,,8,4,4,0.16,4,,,,,,,,,,,,,,,,,,,,,,,,,,,,,,,,,,,,,,,,,,,,,,,,,,,4140,梶野 学志,89期,東京,東京,45,A1,,0,0,0.15,5.86,39.3,58.5,7.16,68.4,78.9,0,43,35.2,60.6,0,56,15.3,25.0,12,,,,,,9,1,1,0.09,2,8,5,5,0.17,5,12,4,4,0.24,4,,,,,,,,,,,,,,,,,,,,,,,,,,,,,,,,,,,,,,,,,,,,,,,,,,,5100,栗原 一馬,125期,群馬,群馬,29,B1,,0,0,0.18,4.39,23.4,35.9,3.67,13.9,32.5,0,26,37.8,55.5,0,12,38.6,50.8,1,5,2,2,0.22,6,,,,,,1,3,3,0.18,4,8,6,6,0.18,6,,,,,,,,,,,,,,,,,,,,,,,,,,,,,,,,,,,,,,,,,,,,,,,,,,
202601160609,2026-01-16,06,09R,5055,眞鳥 章太,123期,長崎,長崎,30,A2,,0,0,0.15,5.73,38.7,54.8,5.5,30.0,60.0,0,19,40.4,57.3,0,54,37.7,54.1,4,6,3,3,0.11,3,11,2,2,0.12,5,4,5,5,0.2,5,9,1,1,0.16,1,,,,,,,,,,,,,,,,,,,,,,,,,,,,,,,,,,,,,,,,,,,,,,,,,,,3564,桑原 啓,70期,福岡,熊本,55,B1,,0,0,0.18,4.52,26.0,43.4,4.35,26.0,39.1,0,24,31.1,42.3,0,14,20.8,35.4,,3,6,6,0.06,4,8,3,3,0.19,4,,,,,,9,2,2,0.19,2,,,,,,,,,,,,,,,,,,,,,,,,,,,,,,,,,,,,,,,,,,,,,,,,,,,4065,金田 幸子,86期,岡山,岡山,46,B1,,0,0,0.17,4.48,32.9,40.2,4.5,25.0,25.0,0,33,29.1,50.3,0,25,38.9,55.9,3,4,2,2,0.16,6,,,,,,3,6,6,0.15,5,9,3,3,0.19,6,,,,,,,,,,,,,,,,,,,,,,,,,,,,,,,,,,,,,,,,,,,,,,,,,,,4545,岡村 慶太,104期,福岡,福岡,37,A1,,0,0,0.14,6.81,50.8,69.6,3.6,20.0,20.0,0,17,29.9,49.7,0,73,33.9,47.4,2,5,1,1,0.12,5,12,5,5,0.16,6,2,6,6,0.18,4,9,4,4,0.19,3,,,,,,,,,,,,,,,,,,,,,,,,,,,,,,,,,,,,,,,,,,,,,,,,,,,3796,長野 道臣,77期,静岡,静岡,52,B1,,0,0,0.16,4.85,27.8,44.3,5.32,36.3,50.6,0,21,46.5,61.9,0,31,21.4,37.5,1,5,4,4,0.06,1,,,,,,1,1,1,0.26,2,9,5,5,0.21,5,,,,,,,,,,,,,,,,,,,,,,,,,,,,,,,,,,,,,,,,,,,,,,,,,,,4389,伊藤 喜智,98期,大阪,大阪,40,B1,,0,0,0.18,4.78,26.5,39.7,0.0,0.0,0.0,0,18,34.2,49.1,0,30,42.8,55.3,,1,2,2,0.23,2,6,4,4,0.12,5,,,,,,9,6,6,0.26,4,,,,,,,,,,,,,,,,,,,,,,,,,,,,,,,,,,,,,,,,,,,,,,,,,,
202601160610,2026-01-16,06,10R,4512,高野 哲史,102期,兵庫,兵庫,36,A1,,0,0,0.16,7.27,54.2,73.6,7.0,50.0,87.5,0,14,31.1,49.4,0,57,41.6,60.0,3,6,6,6,0.05,6,12,3,3,0.09,5,3,5,5,0.16,3,10,1,1,0.16,1,,,,,,,,,,,,,,,,,,,,,,,,,,,,,,,,,,,,,,,,,,,,,,,,,,,4720,西澤 日花里,110期,長崎,熊本,31,B1,,0,0,0.19,4.14,15.7,40.0,4.9,20.0,40.0,0,6,34.3,51.7,0,27,26.3,43.8,1,,,,,,7,5,5,0.23,4,1,6,6,0.31,5,10,2,2,0.17,5,,,,,,,,,,,,,,,,,,,,,,,,,,,,,,,,,,,,,,,,,,,,,,,,,,,4211,村田 敦,91期,東京,神奈川,42,B1,,0,0,0.13,3.75,11.9,34.3,4.06,23.5,29.4,0,28,36.4,54.7,0,64,32.7,51.7,5,4,6,4,0.17,4,,,,,,5,5,5,0.08,6,10,3,3,0.12,6,,,,,,,,,,,,,,,,,,,,,,,,,,,,,,,,,,,,,,,,,,,,,,,,,,,4174,赤坂 俊輔,90期,長崎,長崎,43,A1,,0,0,0.16,6.49,44.2,67.9,7.26,52.6,73.6,0,48,25.7,43.1,0,51,29.5,37.7,,4,5,6,0.19,3,10,3,3,0.19,2,,,,,,10,4,4,0.21,2,,,,,,,,,,,,,,,,,,,,,,,,,,,,,,,,,,,,,,,,,,,,,,,,,,,3965,北中 元樹,82期,滋賀,滋賀,46,A2,,0,0,0.17,6.08,46.6,62.8,0.0,0.0,0.0,0,27,46.5,63.0,0,34,37.5,60.7,6,,,,,,11,1,1,0.12,1,6,2,2,0.14,2,10,5,5,0.17,3,,,,,,,,,,,,,,,,,,,,,,,,,,,,,,,,,,,,,,,,,,,,,,,,,,,4053,芦澤 望,86期,東京,千葉,47,A2,,0,0,0.15,5.92,42.4,57.5,6.0,45.4,54.5,0,34,38.3,58.5,0,39,26.3,49.1,4,,,,,,8,4,4,0.34,5,4,3,3,0.07,3,10,6,6,0.14,4,,,,,,,,,,,,,,,,,,,,,,,,,,,,,,,,,,,,,,,,,,,,,,,,,,
202601160611,2026-01-16,06,11R,4538,笠置 博之,103期,大阪,大阪,35,A2,,0,0,0.14,6.02,48.9,54.2,0.0,0.0,0.0,0,53,45.6,66.3,0,70,32.7,63.7,,4,3,3,0.18,2,9,4,4,0.12,1,,,,,,11,1,1,0.12,1,,,,,,,,,,,,,,,,,,,,,,,,,,,,,,,,,,,,,,,,,,,,,,,,,,,4050,田口 節子,85期,岡山,岡山,45,A1,,0,0,0.14,7.16,61.8,73.0,6.38,37.5,62.5,0,62,32.2,49.7,0,60,27.5,37.9,6,7,3,3,0.14,2,12,1,1,0.11,1,6,6,6,0.31,5,11,2,2,0.11,2,,,,,,,,,,,,,,,,,,,,,,,,,,,,,,,,,,,,,,,,,,,,,,,,,,,3566,川添 英正,70期,福岡,福岡,55,B1,,0,0,0.18,5.14,30.2,54.6,5.44,33.3,66.6,0,38,30.5,48.9,0,16,21.5,29.4,2,6,1,1,0.18,1,,,,,,2,4,4,0.19,5,11,3,3,0.13,4,,,,,,,,,,,,,,,,,,,,,,,,,,,,,,,,,,,,,,,,,,,,,,,,,,,4146,柳橋 宏紀,89期,滋賀,京都,44,B1,,0,0,0.16,4.96,28.7,46.3,0.0,0.0,0.0,0,32,48.5,63.7,0,62,23.9,43.4,4,5,3,3,0.24,3,,,,,,4,2,2,0.07,2,11,4,4,0.11,5,,,,,,,,,,,,,,,,,,,,,,,,,,,,,,,,,,,,,,,,,,,,,,,,,,,4532,秋元 哲,103期,埼玉,栃木,37,A1,,0,0,0.13,6.96,55.8,70.8,7.42,63.1,84.2,0,64,33.8,49.1,0,17,28.5,46.9,5,3,4,4,0.07,2,12,2,2,0.14,2,5,1,1,0.09,1,11,5,5,0.18,3,,,,,,,,,,,,,,,,,,,,,,,,,,,,,,,,,,,,,,,,,,,,,,,,,,,3655,本橋 克洋,72期,群馬,群馬,52,A2,,0,0,0.17,5.44,34.2,58.5,5.65,43.4,52.1,0,65,36.9,56.6,0,52,25.4,44.0,3,2,3,3,0.11,2,10,4,5,0.21,3,3,2,2,0.24,2,11,6,6,0.22,6,,,,,,,,,,,,,,,,,,,,,,,,,,,,,,,,,,,,,,,,,,,,,,,,,,
202601160612,2026-01-16,06,12R,3995,重野 哲之,83期,静岡,静岡,46,A1,,0,0,0.12,6.04,41.1,62.2,6.87,52.7,78.0,0,25,30.0,50.3,0,59,27.6,42.5,7,2,2,2,0.11,1,12,6,6,0.12,4,7,5,5,0.08,1,12,1,1,0.1,1,,,,,,,,,,,,,,,,,,,,,,,,,,,,,,,,,,,,,,,,,,,,,,,,,,,4637,中田 友也,107期,埼玉,埼玉,35,A2,,1,0,0.16,5.85,41.9,58.0,5.8,40.0,60.0,0,4,30.7,47.2,0,53,27.8,45.9,6,,,,,,8,1,1,0.18,1,6,5,5,0.3,6,12,2,2,0.15,2,,,,,,,,,,,,,,,,,,,,,,,,,,,,,,,,,,,,,,,,,,,,,,,,,,,5065,伊久間 陽優,123期,群馬,群馬,27,B1,,0,0,0.12,5.52,45.1,52.4,4.56,31.2,43.7,0,46,35.2,53.5,0,20,30.7,36.5,4,3,5,5,0.03,1,,,,,,4,1,1,0.07,1,12,3,3,0.13,3,,,,,,,,,,,,,,,,,,,,,,,,,,,,,,,,,,,,,,,,,,,,,,,,,,,4140,梶野 学志,89期,東京,東京,45,A1,,0,0,0.15,5.86,39.3,58.5,7.16,68.4,78.9,0,43,35.2,60.6,0,56,15.3,25.0,8,,,,,,9,1,1,0.09,2,8,5,5,0.17,5,12,4,4,0.24,4,,,,,,,,,,,,,,,,,,,,,,,,,,,,,,,,,,,,,,,,,,,,,,,,,,,4565,西村 豪洋,105期,愛知,愛知,38,B1,,0,0,0.18,3.89,17.5,32.4,5.04,26.9,50.0,0,12,35.1,54.4,0,26,31.5,45.6,5,6,2,2,0.1,2,,,,,,5,6,6,0.15,5,12,5,5,0.23,5,,,,,,,,,,,,,,,,,,,,,,,,,,,,,,,,,,,,,,,,,,,,,,,,,,,4819,蜂須 瑞生,114期,群馬,群馬,34,A2,,0,0,0.16,6.3,45.2,69.0,5.85,34.6,57.6,0,2,35.5,53.1,0,65,41.3,62.0,2,,,,,,7,4,4,0.11,3,2,3,3,0.15,2,12,6,6,0.25,6,,,,,,,,,,,,,,,,,,,,,,,,,,,,,,,,,,,,,,,,,,,,,,,,,,
202601160701,2026-01-16,07,01R,3800,牧 宏次,77期,東京,神奈川,52,B1,,0,0,0.15,5.09,35.3,48.7,5.6,40.0,66.6,0,39,38.1,50.5,0,49,40.2,54.1,,,,,,,8,3,3,0.27,2,1,5,5,0.19,5,9,6,6,0.2,6,1,1,1,0.11,1,,,,,,,,,,,,,,,,,,,,,,,,,,,,,,,,,,,,,,,,,,,,,,4789,古賀 智之,113期,福岡,福岡,36,A2,,0,0,0.17,5.7,43.6,57.7,5.06,29.4,52.9,0,18,44.1,56.9,0,16,34.8,53.4,6,,,,,,7,4,4,0.16,2,5,3,3,0.11,3,11,6,6,0.27,落,1,2,2,0.09,6,6,1,1,0.12,1,,,,,,,,,,,,,,,,,,,,,,,,,,,,,,,,,,,,,,,,,5053,山口 広樹,123期,福岡,福岡,30,B1,,0,0,0.16,4.33,30.5,37.8,6.1,50.0,70.0,0,59,49.4,62.6,0,14,44.6,63.3,7,1,6,6,0.14,5,8,4,4,0.27,4,,,,,,8,2,2,0.12,3,1,3,3,0.12,4,7,5,5,0.03,2,,,,,,,,,,,,,,,,,,,,,,,,,,,,,,,,,,,,,,,,,4175,川尻 泰輔,90期,埼玉,埼玉,43,B1,,0,0,0.17,5.63,40.5,55.7,5.85,40.7,62.9,0,60,45.0,65.9,0,15,41.0,66.3,11,2,5,5,0.1,5,7,2,2,0.19,1,3,1,1,0.14,1,,,,,,1,4,4,0.18,3,11,6,6,0.18,2,,,,,,,,,,,,,,,,,,,,,,,,,,,,,,,,,,,,,,,,,3848,川上 聡介,78期,愛知,愛知,48,A2,,0,0,0.14,4.63,22.2,45.4,5.48,39.5,54.1,0,36,36.9,51.3,0,51,34.6,49.0,5,4,6,6,0.2,6,11,2,2,0.26,4,,,,,,9,1,1,0.15,1,1,6,5,0.16,5,5,5,3,0.12,5,,,,,,,,,,,,,,,,,,,,,,,,,,,,,,,,,,,,,,,,,5232,樅山 拓馬,130期,愛知,愛知,28,B1,,1,0,0.14,4.45,24.1,43.5,4.33,22.0,39.0,0,57,38.4,55.7,0,19,34.3,52.9,10,1,1,1,0.14,1,9,4,4,0.2,6,5,2,2,0.16,6,,,,,,1,5,6,0.19,2,10,3,3,0.24,4,,,,,,,,,,,,,,,,,,,,,,,,,,,,,,,,,,,,,,,,
202601160702,2026-01-16,07,02R,4943,八木 治樹,119期,愛知,愛知,34,B1,,0,0,0.14,4.02,21.0,33.3,5.16,28.8,51.1,0,56,32.2,48.7,0,76,29.7,47.6,,,,,,,7,5,5,0.19,6,2,5,6,0.12,3,8,4,4,0.09,5,2,1,1,0.12,1,,,,,,,,,,,,,,,,,,,,,,,,,,,,,,,,,,,,,,,,,,,,,,4732,堀本 和也,111期,徳島,徳島,36,A1,,0,0,0.11,6.35,45.7,64.3,5.95,45.4,54.5,0,48,27.8,48.1,0,75,31.4,51.1,9,1,3,3,0.08,2,10,4,4,0.12,転,,,,,,8,5,5,0.09,2,2,2,2,0.11,2,9,6,6,0.14,6,,,,,,,,,,,,,,,,,,,,,,,,,,,,,,,,,,,,,,,,,3918,深井 利寿,81期,滋賀,滋賀,51,A2,,0,0,0.18,5.87,42.7,58.1,0.0,0.0,0.0,0,29,39.1,57.7,0,40,44.2,61.0,12,,,,,,8,5,5,0.27,転,1,4,4,0.2,3,7,1,1,0.12,1,2,3,3,0.1,5,12,2,2,0.17,2,,,,,,,,,,,,,,,,,,,,,,,,,,,,,,,,,,,,,,,,,3385,渡邉 睦広,63期,東京,神奈川,56,A2,,0,0,0.17,5.43,34.1,57.3,5.6,40.0,60.0,0,13,40.8,55.9,0,28,29.7,44.5,11,7,1,1,0.27,4,11,5,5,0.16,2,6,2,2,0.17,5,,,,,,2,4,4,0.08,6,11,3,3,0.37,5,,,,,,,,,,,,,,,,,,,,,,,,,,,,,,,,,,,,,,,,,4811,向井田 佑紀,114期,広島,広島,36,B1,,0,0,0.16,4.74,25.5,42.8,0.0,0.0,0.0,0,27,32.9,49.4,0,17,43.8,66.6,,4,3,3,0.18,5,8,6,6,0.27,3,5,4,4,0.09,5,,,,,,2,5,5,0.09,3,,,,,,,,,,,,,,,,,,,,,,,,,,,,,,,,,,,,,,,,,,,,,,4711,前出 達吉,110期,福井,石川,35,B1,,0,0,0.16,5.43,38.0,53.0,6.15,40.0,70.0,0,55,38.2,48.7,0,13,37.6,53.2,10,1,5,5,0.11,4,11,3,3,0.19,3,4,1,1,0.11,1,,,,,,2,6,6,0.1,4,10,2,2,0.28,5,,,,,,,,,,,,,,,,,,,,,,,,,,,,,,,,,,,,,,,,
202601160703,2026-01-16,07,03R,4245,高橋 直哉,93期,東京,秋田,44,B1,,0,0,0.19,4.65,27.0,42.7,4.78,22.2,50.0,0,64,47.2,71.4,0,47,35.5,51.9,7,1,4,4,0.12,3,6,6,6,0.24,5,,,,,,10,3,3,0.2,3,3,1,1,0.18,5,7,2,2,0.21,6,,,,,,,,,,,,,,,,,,,,,,,,,,,,,,,,,,,,,,,,,4904,松本 一毅,117期,欠場,,,A2,,0,0,,,,,,,,,,,,,,,,,5,3,3,0.41,5,11,6,6,0.18,5,4,5,5,0.16,3,,,,,,3,,2,,欠,9,4,4,0.14,4,,,,,,,,,,,,,,,,,,,,,,,,,,,,,,,,,,,,,,,,,4864,小川 日紀太,116期,福岡,宮崎,36,B1,,1,0,0.14,4.68,26.5,40.5,3.67,25.0,25.0,0,24,34.2,53.1,0,53,48.6,66.3,,5,5,5,0.38,6,,,,,,2,4,4,0.16,6,7,6,6,0.17,6,3,3,3,0.16,4,,,,,,,,,,,,,,,,,,,,,,,,,,,,,,,,,,,,,,,,,,,,,,5075,中島 秀治,124期,滋賀,京都,30,A2,,0,0,0.17,6.2,40.4,64.1,7.41,59.0,86.3,0,52,36.6,59.4,0,71,43.3,56.6,,2,2,2,0.12,転,,,,,,3,6,6,0.15,5,9,3,3,0.22,5,3,4,4,0.13,3,,,,,,,,,,,,,,,,,,,,,,,,,,,,,,,,,,,,,,,,,,,,,,4883,岡部 大輝,116期,東京,東京,30,B1,,0,0,0.17,5.65,40.7,53.0,0.0,0.0,0.0,0,77,51.1,65.5,0,20,38.4,50.5,8,2,1,1,0.11,1,,,,,,4,4,4,0.2,5,12,3,3,0.18,6,3,5,5,0.17,1,8,6,6,0.08,4,,,,,,,,,,,,,,,,,,,,,,,,,,,,,,,,,,,,,,,,,3554,仲口 博崇,69期,愛知,愛知,53,A1,,0,0,0.18,6.64,52.9,71.6,6.27,45.1,68.6,0,61,34.7,50.8,0,12,40.0,60.9,11,4,4,5,0.17,2,12,2,2,0.15,5,8,3,3,0.12,4,12,1,1,0.19,2,3,2,6,0.14,2,11,1,2,0.25,1,,,,,,,,,,,,,,,,,,,,,,,,,,,,,,,,,,,,,,,,
202601160704,2026-01-16,07,04R,4691,水原 慎,110期,徳島,徳島,42,B1,,0,0,0.16,4.72,25.5,44.1,4.13,12.5,37.5,0,34,47.6,59.3,0,45,32.2,46.2,8,2,6,6,0.18,3,9,2,2,0.26,3,6,5,4,0.15,4,,,,,,4,1,1,0.19,1,8,3,3,0.12,3,,,,,,,,,,,,,,,,,,,,,,,,,,,,,,,,,,,,,,,,,4287,今井 貴士,94期,福岡,福岡,41,A1,,0,0,0.17,5.78,41.9,52.3,7.2,55.0,80.0,0,26,36.9,51.3,0,31,41.7,60.1,11,2,3,3,0.08,2,11,4,4,0.13,6,,,,,,10,1,1,0.11,1,4,2,2,0.2,2,11,5,5,0.21,6,,,,,,,,,,,,,,,,,,,,,,,,,,,,,,,,,,,,,,,,,4560,庄司 樹良々,104期,東京,東京,35,A2,,0,0,0.15,6.09,41.5,63.3,5.8,40.0,80.0,0,31,39.2,58.8,0,74,38.7,62.2,10,5,2,2,0.23,4,10,5,5,0.11,4,,,,,,8,1,1,0.09,1,4,3,3,0.18,6,10,6,6,0.24,3,,,,,,,,,,,,,,,,,,,,,,,,,,,,,,,,,,,,,,,,,5289,佃 來紀,132期,大阪,奈良,25,B1,,0,0,0.16,4.99,34.1,50.0,5.67,36.6,60.0,0,76,40.9,57.1,0,23,31.0,37.8,12,3,3,3,0.18,3,7,6,6,0.21,3,5,1,1,0.03,1,,,,,,4,4,4,0.13,5,12,5,5,0.1,4,,,,,,,,,,,,,,,,,,,,,,,,,,,,,,,,,,,,,,,,,4137,君島 秀三,89期,滋賀,滋賀,45,A1,,0,0,0.14,6.41,49.5,67.2,7.0,62.0,68.9,0,16,29.2,51.3,0,61,42.7,60.0,9,7,3,3,0.18,5,12,6,6,0.1,4,2,3,2,0.09,1,12,4,4,0.17,1,4,5,5,0.14,3,9,1,1,0.09,1,,,,,,,,,,,,,,,,,,,,,,,,,,,,,,,,,,,,,,,,,3967,鈴木 茂高,82期,愛知,愛知,46,B1,,0,0,0.18,3.98,17.5,29.6,4.74,21.0,47.3,0,28,38.0,51.3,0,72,37.7,58.8,,3,5,5,0.14,2,,,,,,1,1,1,0.18,2,11,4,4,0.29,5,4,6,6,0.21,4,,,,,,,,,,,,,,,,,,,,,,,,,,,,,,,,,,,,,,,,,,,,,
202601160705,2026-01-16,07,05R,5091,為本 智也,124期,福井,石川,25,B1,,1,0,0.15,5.52,35.2,57.7,5.7,40.0,50.0,0,38,39.7,55.6,0,39,29.8,48.0,9,5,4,4,0.35,3,9,6,6,0.2,5,1,3,3,0.2,1,,,,,,5,1,1,0.08,1,9,2,2,0.22,3,,,,,,,,,,,,,,,,,,,,,,,,,,,,,,,,,,,,,,,,,4735,角山 雄哉,111期,兵庫,兵庫,35,B1,,0,0,0.15,5.15,35.8,47.8,4.92,32.0,56.0,0,35,38.7,50.0,0,24,29.4,53.6,,2,4,4,0.06,4,10,6,6,0.14,5,,,,,,7,5,5,0.12,5,5,2,2,0.11,4,,,,,,,,,,,,,,,,,,,,,,,,,,,,,,,,,,,,,,,,,,,,,,3848,川上 聡介,78期,愛知,愛知,48,A2,,0,0,0.14,4.63,22.2,45.4,5.48,39.5,54.1,0,36,36.9,51.3,0,51,34.6,49.0,1,4,6,6,0.2,6,11,2,2,0.26,4,,,,,,9,1,1,0.15,1,1,6,5,0.16,5,5,5,3,0.12,5,,,,,,,,,,,,,,,,,,,,,,,,,,,,,,,,,,,,,,,,,4899,占部 一真,117期,福岡,福岡,34,B1,,0,0,0.15,4.44,23.8,38.1,0.0,0.0,0.0,0,71,27.9,45.9,0,38,29.9,53.6,,3,1,1,0.15,5,,,,,,3,5,5,0.11,6,8,6,6,0.07,6,5,6,4,0.12,6,,,,,,,,,,,,,,,,,,,,,,,,,,,,,,,,,,,,,,,,,,,,,,4168,石野 貴之,90期,大阪,大阪,43,A1,,0,0,0.13,6.06,41.6,54.6,6.22,44.4,55.5,0,58,37.4,59.3,0,32,37.8,54.9,10,8,2,2,0.32,1,12,1,1,0.18,1,6,3,6,0.17,1,11,3,3,0.22,2,5,3,5,0.11,2,10,4,4,0.21,6,,,,,,,,,,,,,,,,,,,,,,,,,,,,,,,,,,,,,,,,,4086,寺本 重宣,87期,東京,神奈川,45,A2,,0,0,0.14,5.49,34.0,56.0,5.18,27.2,45.4,0,72,34.7,49.5,0,30,34.9,45.2,12,4,2,2,0.12,4,9,5,5,0.2,2,2,2,3,0.15,2,,,,,,5,4,6,0.13,3,12,4,4,0.16,3,,,,,,,,,,,,,,,,,,,,,,,,,,,,,,,,,,,,,,,,
202601160706,2026-01-16,07,06R,4789,古賀 智之,113期,福岡,福岡,36,A2,,0,0,0.17,5.7,43.6,57.7,5.06,29.4,52.9,0,18,44.1,56.9,0,16,34.8,53.4,1,,,,,,7,4,4,0.16,2,5,3,3,0.11,3,11,6,6,0.27,落,1,2,2,0.09,6,6,1,1,0.12,1,,,,,,,,,,,,,,,,,,,,,,,,,,,,,,,,,,,,,,,,,4463,三苫 晃幸,101期,福岡,福岡,39,B1,,0,0,0.17,5.32,34.6,51.4,5.36,36.3,54.5,0,43,41.6,60.4,0,25,31.6,45.9,11,6,1,1,0.16,2,10,3,3,0.15,3,2,6,5,0.18,4,,,,,,6,2,2,0.09,2,11,4,4,0.26,4,,,,,,,,,,,,,,,,,,,,,,,,,,,,,,,,,,,,,,,,,4308,河村 了,95期,愛知,愛知,42,A1,,0,0,0.16,6.47,45.0,64.8,6.69,50.6,63.8,0,63,38.5,51.8,0,66,39.0,50.0,10,,,,,,10,1,1,0.14,1,5,6,6,0.09,4,9,2,2,0.16,2,6,3,3,0.1,4,10,5,5,0.21,2,,,,,,,,,,,,,,,,,,,,,,,,,,,,,,,,,,,,,,,,,4113,木村 浩士,88期,群馬,群馬,45,B1,,0,0,0.19,5.58,38.9,56.8,5.11,25.9,48.1,0,54,48.3,62.9,0,26,31.7,52.9,,1,2,2,0.12,6,,,,,,1,6,6,0.15,4,6,6,5,0.17,6,6,4,4,0.17,5,,,,,,,,,,,,,,,,,,,,,,,,,,,,,,,,,,,,,,,,,,,,,,5157,市川 健太,127期,滋賀,京都,28,B1,,1,0,0.16,4.77,27.0,39.6,4.11,11.1,33.3,0,65,31.1,50.0,0,65,36.7,47.9,,4,5,4,0.19,1,,,,,,6,1,1,0.21,2,10,2,2,0.26,5,6,5,5,0.15,6,,,,,,,,,,,,,,,,,,,,,,,,,,,,,,,,,,,,,,,,,,,,,,4377,濱本 優一,98期,大阪,大阪,41,A1,,0,0,0.15,7.04,58.5,76.4,5.45,40.9,59.0,0,40,38.9,57.5,0,48,45.3,61.8,12,6,2,2,0.13,1,12,5,5,0.08,3,7,3,3,0.12,2,11,1,1,0.2,1,6,6,6,0.27,3,12,3,3,0.15,6,,,,,,,,,,,,,,,,,,,,,,,,,,,,,,,,,,,,,,,,
202601160707,2026-01-16,07,07R,4420,津久井 拓也,99期,群馬,栃木,38,A2,,0,0,0.16,5.37,32.2,52.5,5.47,21.0,63.1,0,30,28.3,44.3,0,37,38.6,59.4,,3,4,4,0.08,1,10,2,2,0.13,2,6,4,3,0.15,3,12,5,5,0.25,3,,,,,,7,1,1,0.16,5,,,,,,,,,,,,,,,,,,,,,,,,,,,,,,,,,,,,,,,,,4245,高橋 直哉,93期,東京,秋田,44,B1,,0,0,0.19,4.65,27.0,42.7,4.78,22.2,50.0,0,64,47.2,71.4,1,55,28.2,48.4,3,1,4,4,0.12,3,6,6,6,0.24,5,,,,,,10,3,3,0.2,3,3,1,1,0.18,5,7,2,2,0.21,6,,,,,,,,,,,,,,,,,,,,,,,,,,,,,,,,,,,,,,,,,4075,中野 次郎,86期,東京,東京,44,A1,,0,0,0.13,6.61,47.2,62.4,6.14,47.6,52.3,0,32,31.4,51.2,0,35,36.1,53.7,11,3,6,6,0.21,6,12,4,4,0.12,6,4,2,2,0.19,2,9,5,5,0.17,3,7,3,3,0.14,3,11,2,1,0.24,3,,,,,,,,,,,,,,,,,,,,,,,,,,,,,,,,,,,,,,,,,4624,高田 明,107期,佐賀,佐賀,40,A1,,0,0,0.17,7.04,59.1,75.8,5.55,35.0,55.0,0,21,47.7,68.8,0,77,30.4,40.2,12,,,,,,9,1,1,0.22,1,3,2,2,0.1,3,11,5,5,0.32,3,7,4,4,0.04,1,12,6,6,0.15,5,,,,,,,,,,,,,,,,,,,,,,,,,,,,,,,,,,,,,,,,,5053,山口 広樹,123期,福岡,福岡,30,B1,,0,0,0.16,4.33,30.5,37.8,6.1,50.0,70.0,0,59,49.4,62.6,0,14,44.6,63.3,1,1,6,6,0.14,5,8,4,4,0.27,4,,,,,,8,2,2,0.12,3,1,3,3,0.12,4,7,5,5,0.03,2,,,,,,,,,,,,,,,,,,,,,,,,,,,,,,,,,,,,,,,,,4902,山川 雄大,117期,兵庫,兵庫,32,B1,,0,0,0.17,4.91,34.9,51.8,0.0,0.0,0.0,0,53,32.2,47.7,0,54,29.4,46.0,,6,5,5,0.21,3,,,,,,2,1,1,0.11,5,9,4,4,0.15,4,,,,,,7,6,6,0.03,4,,,,,,,,,,,,,,,,,,,,,,,,,,,,,,,,,,,,,,,,
202601160708,2026-01-16,07,08R,5039,倉田 茂将,122期,愛知,愛知,27,A2,,1,0,0.15,5.78,40.7,55.8,4.56,23.8,41.2,0,15,27.8,44.3,0,52,32.0,40.0,,6,3,3,0.19,6,,,,,,1,2,2,0.21,6,10,6,5,0.23,6,,,,,,8,1,1,0.16,5,,,,,,,,,,,,,,,,,,,,,,,,,,,,,,,,,,,,,,,,,4685,島村 隆幸,109期,徳島,高知,35,A1,,0,0,0.15,7.17,57.1,78.1,8.27,72.7,90.9,0,68,29.3,46.6,0,46,28.7,50.5,12,5,6,6,0.26,1,12,3,3,0.11,2,5,5,5,0.12,2,10,5,4,0.19,4,8,2,2,0.16,1,12,1,1,0.14,1,,,,,,,,,,,,,,,,,,,,,,,,,,,,,,,,,,,,,,,,,4691,水原 慎,110期,徳島,徳島,42,B1,,0,0,0.16,4.72,25.5,44.1,4.13,12.5,37.5,0,34,47.6,59.3,0,45,32.2,46.2,4,2,6,6,0.18,3,9,2,2,0.26,3,6,5,4,0.15,4,,,,,,4,1,1,0.19,1,8,3,3,0.12,3,,,,,,,,,,,,,,,,,,,,,,,,,,,,,,,,,,,,,,,,,4416,三宅 健太,99期,広島,広島,39,B1,,0,0,0.17,4.91,26.4,46.2,0.0,0.0,0.0,0,19,31.3,49.1,0,60,38.6,48.1,,5,1,1,0.25,2,,,,,,4,6,6,0.16,4,11,2,2,0.25,4,,,,,,8,4,4,0.09,2,,,,,,,,,,,,,,,,,,,,,,,,,,,,,,,,,,,,,,,,,4036,金田 諭,85期,埼玉,埼玉,47,A1,,0,0,0.16,6.2,45.8,66.0,6.22,43.4,69.5,0,17,30.2,47.0,0,27,30.0,53.1,,6,4,4,0.11,4,11,1,1,0.18,1,3,3,3,0.09,2,12,2,2,0.19,4,,,,,,8,5,5,0.06,転,,,,,,,,,,,,,,,,,,,,,,,,,,,,,,,,,,,,,,,,,4883,岡部 大輝,116期,東京,東京,30,B1,,0,0,0.17,5.65,40.7,53.0,0.0,0.0,0.0,0,77,51.1,65.5,0,20,38.4,50.5,3,2,1,1,0.11,1,,,,,,4,4,4,0.2,5,12,3,3,0.18,6,3,5,5,0.17,1,8,6,6,0.08,4,,,,,,,,,,,,,,,,,,,,,,,,,,,,,,,,,,,,,,,,
202601160709,2026-01-16,07,09R,4137,君島 秀三,89期,滋賀,滋賀,45,A1,,0,0,0.14,6.41,49.5,67.2,7.0,62.0,68.9,0,16,29.2,51.3,0,61,42.7,60.0,4,7,3,3,0.18,5,12,6,6,0.1,4,2,3,2,0.09,1,12,4,4,0.17,1,4,5,5,0.14,3,9,1,1,0.09,1,,,,,,,,,,,,,,,,,,,,,,,,,,,,,,,,,,,,,,,,,5091,為本 智也,124期,福井,石川,25,B1,,1,0,0.15,5.52,35.2,57.7,5.7,40.0,50.0,0,38,39.7,55.6,0,39,29.8,48.0,5,5,4,4,0.35,3,9,6,6,0.2,5,1,3,3,0.2,1,,,,,,5,1,1,0.08,1,9,2,2,0.22,3,,,,,,,,,,,,,,,,,,,,,,,,,,,,,,,,,,,,,,,,,4508,野間 大樹,102期,大阪,大阪,37,B1,,0,0,0.18,5.61,42.7,58.4,0.0,0.0,0.0,0,49,35.7,50.0,0,36,41.9,60.9,,4,1,1,0.05,3,,,,,,3,4,4,0.15,4,7,2,2,0.11,3,,,,,,9,3,3,0.18,5,,,,,,,,,,,,,,,,,,,,,,,,,,,,,,,,,,,,,,,,,4904,松本 一毅,117期,大阪,大阪,31,A2,,0,0,0.17,5.25,33.6,53.4,2.5,0.0,0.0,0,70,36.8,57.8,1,64,28.0,48.3,3,5,3,3,0.41,5,11,6,6,0.18,5,4,5,5,0.16,3,,,,,,3,,2,,欠,9,4,4,0.14,4,,,,,,,,,,,,,,,,,,,,,,,,,,,,,,,,,,,,,,,,,4718,北川 太一,110期,佐賀,佐賀,33,A2,,0,0,0.15,5.88,40.1,57.9,6.23,40.9,72.7,0,22,35.7,52.0,0,68,35.4,46.8,,3,2,2,0.23,4,8,1,1,0.36,5,4,3,3,0.24,6,10,4,6,0.12,2,,,,,,9,5,5,0.13,2,,,,,,,,,,,,,,,,,,,,,,,,,,,,,,,,,,,,,,,,,4732,堀本 和也,111期,徳島,徳島,36,A1,,0,0,0.11,6.35,45.7,64.3,5.95,45.4,54.5,0,48,27.8,48.1,0,75,31.4,51.1,2,1,3,3,0.08,2,10,4,4,0.12,転,,,,,,8,5,5,0.09,2,2,2,2,0.11,2,9,6,6,0.14,6,,,,,,,,,,,,,,,,,,,,,,,,,,,,,,,,,,,,,,,,
202601160710,2026-01-16,07,10R,4121,富永 修一,88期,福岡,福岡,44,A1,,0,0,0.13,5.93,38.4,62.5,0.0,0.0,0.0,0,33,46.8,64.8,0,50,32.6,47.9,,,,,,,9,3,3,0.21,4,7,4,4,0.12,4,12,6,6,0.17,5,,,,,,10,1,1,0.18,1,,,,,,,,,,,,,,,,,,,,,,,,,,,,,,,,,,,,,,,,,4711,前出 達吉,110期,福井,石川,35,B1,,0,0,0.16,5.43,38.0,53.0,6.15,40.0,70.0,0,55,38.2,48.7,0,13,37.6,53.2,2,1,5,5,0.11,4,11,3,3,0.19,3,4,1,1,0.11,1,,,,,,2,6,6,0.1,4,10,2,2,0.28,5,,,,,,,,,,,,,,,,,,,,,,,,,,,,,,,,,,,,,,,,,5232,樅山 拓馬,130期,愛知,愛知,28,B1,,1,0,0.14,4.45,24.1,43.5,4.33,22.0,39.0,0,57,38.4,55.7,0,19,34.3,52.9,1,1,1,1,0.14,1,9,4,4,0.2,6,5,2,2,0.16,6,,,,,,1,5,6,0.19,2,10,3,3,0.24,4,,,,,,,,,,,,,,,,,,,,,,,,,,,,,,,,,,,,,,,,,4168,石野 貴之,90期,大阪,大阪,43,A1,,0,0,0.13,6.06,41.6,54.6,6.22,44.4,55.5,0,58,37.4,59.3,0,32,37.8,54.9,5,8,2,2,0.32,1,12,1,1,0.18,1,6,3,6,0.17,1,11,3,3,0.22,2,5,3,5,0.11,2,10,4,4,0.21,6,,,,,,,,,,,,,,,,,,,,,,,,,,,,,,,,,,,,,,,,,4308,河村 了,95期,愛知,愛知,42,A1,,0,0,0.16,6.47,45.0,64.8,6.69,50.6,63.8,0,63,38.5,51.8,0,66,39.0,50.0,6,,,,,,10,1,1,0.14,1,5,6,6,0.09,4,9,2,2,0.16,2,6,3,3,0.1,4,10,5,5,0.21,2,,,,,,,,,,,,,,,,,,,,,,,,,,,,,,,,,,,,,,,,,4560,庄司 樹良々,104期,東京,東京,35,A2,,0,0,0.15,6.09,41.5,63.3,5.8,40.0,80.0,0,31,39.2,58.8,0,74,38.7,62.2,4,5,2,2,0.23,4,10,5,5,0.11,4,,,,,,8,1,1,0.09,1,4,3,3,0.18,6,10,6,6,0.24,3,,,,,,,,,,,,,,,,,,,,,,,,,,,,,,,,,,,,,,,,
202601160711,2026-01-16,07,11R,4075,中野 次郎,86期,東京,東京,44,A1,,0,0,0.13,6.61,47.2,62.4,6.14,47.6,52.3,0,32,31.4,51.2,0,35,36.1,53.7,7,3,6,6,0.21,6,12,4,4,0.12,6,4,2,2,0.19,2,9,5,5,0.17,3,7,3,3,0.14,3,11,2,1,0.24,3,,,,,,,,,,,,,,,,,,,,,,,,,,,,,,,,,,,,,,,,,3554,仲口 博崇,69期,愛知,愛知,53,A1,,0,0,0.18,6.64,52.9,71.6,6.27,45.1,68.6,0,61,34.7,50.8,0,12,40.0,60.9,3,4,4,5,0.17,2,12,2,2,0.15,5,8,3,3,0.12,4,12,1,1,0.19,2,3,2,6,0.14,2,11,1,2,0.25,1,,,,,,,,,,,,,,,,,,,,,,,,,,,,,,,,,,,,,,,,,3385,渡邉 睦広,63期,東京,神奈川,56,A2,,0,0,0.17,5.43,34.1,57.3,5.6,40.0,60.0,0,13,40.8,55.9,0,28,29.7,44.5,2,7,1,1,0.27,4,11,5,5,0.16,2,6,2,2,0.17,5,,,,,,2,4,4,0.08,6,11,3,3,0.37,5,,,,,,,,,,,,,,,,,,,,,,,,,,,,,,,,,,,,,,,,,4463,三苫 晃幸,101期,福岡,福岡,39,B1,,0,0,0.17,5.32,34.6,51.4,5.36,36.3,54.5,0,43,41.6,60.4,0,25,31.6,45.9,6,6,1,1,0.16,2,10,3,3,0.15,3,2,6,5,0.18,4,,,,,,6,2,2,0.09,2,11,4,4,0.26,4,,,,,,,,,,,,,,,,,,,,,,,,,,,,,,,,,,,,,,,,,4287,今井 貴士,94期,福岡,福岡,41,A1,,0,0,0.17,5.78,41.9,52.3,7.2,55.0,80.0,0,26,36.9,51.3,0,31,41.7,60.1,4,2,3,3,0.08,2,11,4,4,0.13,6,,,,,,10,1,1,0.11,1,4,2,2,0.2,2,11,5,5,0.21,6,,,,,,,,,,,,,,,,,,,,,,,,,,,,,,,,,,,,,,,,,4175,川尻 泰輔,90期,埼玉,埼玉,43,B1,,0,0,0.17,5.63,40.5,55.7,5.85,40.7,62.9,0,60,45.0,65.9,0,15,41.0,66.3,1,2,5,5,0.1,5,7,2,2,0.19,1,3,1,1,0.14,1,,,,,,1,4,4,0.18,3,11,6,6,0.18,2,,,,,,,,,,,,,,,,,,,,,,,,,,,,,,,,,,,,,,,,
202601160712,2026-01-16,07,12R,4685,島村 隆幸,109期,徳島,高知,35,A1,,0,0,0.15,7.17,57.1,78.1,8.27,72.7,90.9,0,68,29.3,46.6,0,46,28.7,50.5,8,5,6,6,0.26,1,12,3,3,0.11,2,5,5,5,0.12,2,10,5,4,0.19,4,8,2,2,0.16,1,12,1,1,0.14,1,,,,,,,,,,,,,,,,,,,,,,,,,,,,,,,,,,,,,,,,,3918,深井 利寿,81期,滋賀,滋賀,51,A2,,0,0,0.18,5.87,42.7,58.1,0.0,0.0,0.0,0,29,39.1,57.7,0,40,44.2,61.0,2,,,,,,8,5,5,0.27,転,1,4,4,0.2,3,7,1,1,0.12,1,2,3,3,0.1,5,12,2,2,0.17,2,,,,,,,,,,,,,,,,,,,,,,,,,,,,,,,,,,,,,,,,,4377,濱本 優一,98期,大阪,大阪,41,A1,,0,0,0.15,7.04,58.5,76.4,5.45,40.9,59.0,0,40,38.9,57.5,0,48,45.3,61.8,6,6,2,2,0.13,1,12,5,5,0.08,3,7,3,3,0.12,2,11,1,1,0.2,1,6,6,6,0.27,3,12,3,3,0.15,6,,,,,,,,,,,,,,,,,,,,,,,,,,,,,,,,,,,,,,,,,4086,寺本 重宣,87期,東京,神奈川,45,A2,,0,0,0.14,5.49,34.0,56.0,5.18,27.2,45.4,0,72,34.7,49.5,0,30,34.9,45.2,5,4,2,2,0.12,4,9,5,5,0.2,2,2,2,3,0.15,2,,,,,,5,4,6,0.13,3,12,4,4,0.16,3,,,,,,,,,,,,,,,,,,,,,,,,,,,,,,,,,,,,,,,,,5289,佃 來紀,132期,大阪,奈良,25,B1,,0,0,0.16,4.99,34.1,50.0,5.67,36.6,60.0,0,76,40.9,57.1,0,23,31.0,37.8,4,3,3,3,0.18,3,7,6,6,0.21,3,5,1,1,0.03,1,,,,,,4,4,4,0.13,5,12,5,5,0.1,4,,,,,,,,,,,,,,,,,,,,,,,,,,,,,,,,,,,,,,,,,4624,高田 明,107期,佐賀,佐賀,40,A1,,0,0,0.17,7.04,59.1,75.8,5.55,35.0,55.0,0,21,47.7,68.8,0,77,30.4,40.2,7,,,,,,9,1,1,0.22,1,3,2,2,0.1,3,11,5,5,0.32,3,7,4,4,0.04,1,12,6,6,0.15,5,,,,,,,,,,,,,,,,,,,,,,,,,,,,,,,,,,,,,,,,
202601160901,2026-01-16,09,01R,4700,金子 和之,110期,埼玉,新潟,38,A2,,0,0,0.14,6.35,52.1,65.2,7.22,44.4,55.5,0,63,22.7,31.8,0,14,21.4,28.5,11,6,2,2,0.19,3,10,6,6,0.1,3,1,1,1,0.22,1,11,3,3,0.11,4,,,,,,,,,,,,,,,,,,,,,,,,,,,,,,,,,,,,,,,,,,,,,,,,,,,4425,大井 清貴,100期,山口,山口,40,B1,,1,0,0.16,5.05,21.5,54.4,4.0,22.2,27.7,0,66,14.2,14.2,0,15,31.2,50.0,8,,,,,,8,4,4,0.23,4,1,2,2,0.23,6,8,6,6,0.22,5,,,,,,,,,,,,,,,,,,,,,,,,,,,,,,,,,,,,,,,,,,,,,,,,,,,4152,深水 慎一郎,90期,東京,神奈川,45,B1,,0,0,0.17,5.61,41.1,56.4,7.5,75.0,75.0,0,52,52.9,64.7,0,12,6.2,6.2,7,4,1,1,0.1,2,,,,,,1,3,3,0.24,5,7,6,6,0.28,5,,,,,,,,,,,,,,,,,,,,,,,,,,,,,,,,,,,,,,,,,,,,,,,,,,,4105,松下 直也,88期,兵庫,兵庫,46,B1,,0,0,0.17,5.44,36.0,51.2,4.22,33.3,33.3,0,41,25.0,50.0,0,55,17.6,23.5,12,6,1,1,0.24,1,,,,,,1,4,4,0.26,3,12,3,3,0.13,3,,,,,,,,,,,,,,,,,,,,,,,,,,,,,,,,,,,,,,,,,,,,,,,,,,,4965,福岡 泉水,119期,兵庫,兵庫,28,B1,,1,0,0.19,4.12,22.7,34.8,0.0,0.0,0.0,0,53,45.0,55.0,0,58,46.1,53.8,10,4,4,4,0.06,3,,,,,,1,5,5,0.29,2,10,2,2,0.15,6,,,,,,,,,,,,,,,,,,,,,,,,,,,,,,,,,,,,,,,,,,,,,,,,,,,5427,港 理樹,137期,東京,東京,23,B2,,0,0,0.0,2.32,2.9,8.8,0.0,0.0,0.0,0,50,35.7,50.0,0,20,40.0,50.0,6,2,6,6,0.27,4,,,,,,1,6,6,0.31,4,6,6,5,0.3,6,,,,,,,,,,,,,,,,,,,,,,,,,,,,,,,,,,,,,,,,,,,,,,,,,,
202601160902,2026-01-16,09,02R,5183,中野 孝二,128期,三重,三重,27,B1,,0,0,0.16,4.66,25.5,45.9,4.99,27.9,47.0,0,23,27.2,54.5,0,11,18.7,37.5,8,1,4,4,0.12,3,,,,,,2,1,1,0.14,1,8,3,3,0.17,4,,,,,,,,,,,,,,,,,,,,,,,,,,,,,,,,,,,,,,,,,,,,,,,,,,,4110,小澤 和也,88期,埼玉,埼玉,45,B1,,0,0,0.17,4.66,31.1,46.7,4.71,17.8,46.4,0,14,25.0,37.5,0,54,31.2,56.2,,3,4,4,0.26,6,9,6,6,0.15,3,2,2,2,0.3,3,,,,,,,,,,,,,,,,,,,,,,,,,,,,,,,,,,,,,,,,,,,,,,,,,,,,,,,,5324,畑田 希咲,133期,兵庫,兵庫,22,B2,,0,0,0.23,2.23,6.0,7.5,1.63,0.0,0.0,0,17,26.3,47.3,0,35,36.3,45.4,10,2,4,4,0.22,6,,,,,,2,3,3,0.31,5,10,5,5,0.12,4,,,,,,,,,,,,,,,,,,,,,,,,,,,,,,,,,,,,,,,,,,,,,,,,,,,5333,山下 智己,133期,兵庫,兵庫,21,B1,,1,0,0.18,4.41,29.0,38.3,3.29,14.2,14.2,0,46,43.7,56.2,0,27,0.0,41.6,,2,3,3,0.19,5,6,6,5,0.1,6,2,4,4,0.15,4,,,,,,,,,,,,,,,,,,,,,,,,,,,,,,,,,,,,,,,,,,,,,,,,,,,,,,,,3807,岡部 哲,77期,埼玉,埼玉,51,B1,,0,0,0.18,4.1,20.6,36.7,5.33,38.1,47.6,0,26,47.3,63.1,0,31,20.0,53.3,7,5,2,2,0.15,4,,,,,,2,5,5,0.15,2,7,4,4,0.2,6,,,,,,,,,,,,,,,,,,,,,,,,,,,,,,,,,,,,,,,,,,,,,,,,,,,5433,米本 圭佑,137期,東京,東京,21,B2,,0,0,0.0,1.85,0.0,3.7,0.0,0.0,0.0,0,30,26.6,46.6,0,16,42.8,78.5,9,1,6,6,0.17,6,,,,,,2,6,6,0.17,6,9,6,5,0.3,6,,,,,,,,,,,,,,,,,,,,,,,,,,,,,,,,,,,,,,,,,,,,,,,,,,
202601160903,2026-01-16,09,03R,4785,木幡 純也,113期,愛知,愛知,38,B1,,0,0,0.18,4.3,18.1,35.0,4.78,24.4,40.0,0,39,43.7,62.5,0,23,54.5,63.6,9,5,5,5,0.09,2,,,,,,3,1,1,0.18,2,9,4,4,0.19,2,,,,,,,,,,,,,,,,,,,,,,,,,,,,,,,,,,,,,,,,,,,,,,,,,,,4653,小野 達哉,108期,大阪,大阪,39,A1,,0,0,0.14,6.6,52.1,71.0,8.44,66.6,88.8,0,51,27.7,44.4,0,17,56.2,68.7,11,,,,,,10,4,4,0.13,2,3,2,2,0.18,1,11,5,5,0.13,3,,,,,,,,,,,,,,,,,,,,,,,,,,,,,,,,,,,,,,,,,,,,,,,,,,,3944,山口 裕二,81期,長崎,佐賀,46,A2,,0,0,0.17,6.43,50.7,67.1,5.85,53.8,69.2,0,28,21.4,28.5,0,66,31.2,56.2,12,,,,,,8,1,1,0.1,1,3,3,3,0.17,4,12,5,6,0.15,6,,,,,,,,,,,,,,,,,,,,,,,,,,,,,,,,,,,,,,,,,,,,,,,,,,,4555,富永 大一,104期,福岡,福岡,36,A2,,0,0,0.19,5.6,34.3,56.7,4.24,17.6,47.0,0,15,45.4,54.5,0,43,5.8,23.5,8,,,,,,7,5,3,0.46,6,3,4,4,0.2,3,8,5,5,0.24,3,,,,,,,,,,,,,,,,,,,,,,,,,,,,,,,,,,,,,,,,,,,,,,,,,,,4023,柴田 友和,85期,福岡,福岡,48,B1,,0,0,0.18,4.31,22.9,35.1,3.09,9.0,27.2,0,21,41.1,52.9,0,47,29.4,35.2,7,5,3,3,0.08,3,,,,,,3,5,5,0.25,5,7,1,1,0.25,4,,,,,,,,,,,,,,,,,,,,,,,,,,,,,,,,,,,,,,,,,,,,,,,,,,,4216,星 栄爾,91期,静岡,福島,40,B1,,0,0,0.14,5.48,37.9,52.7,5.5,39.2,53.5,0,65,22.2,44.4,0,34,53.3,73.3,,3,3,3,0.21,4,11,4,4,0.14,2,3,6,6,0.26,6,,,,,,,,,,,,,,,,,,,,,,,,,,,,,,,,,,,,,,,,,,,,,,,,,,,,,,,
202601160904,2026-01-16,09,04R,5198,奥村 明日香,128期,福岡,福岡,24,B1,,0,0,0.21,4.47,24.0,36.7,0.0,0.0,0.0,0,61,42.8,61.9,0,57,18.7,31.2,,1,5,5,0.2,4,8,2,2,0.11,2,4,1,1,0.11,2,,,,,,,,,,,,,,,,,,,,,,,,,,,,,,,,,,,,,,,,,,,,,,,,,,,,,,,,4679,植田 太一,109期,福岡,福岡,36,A1,,0,0,0.16,5.75,39.6,54.7,6.0,50.0,50.0,0,34,6.2,31.2,0,46,16.6,41.6,9,,,,,,9,4,4,0.13,6,4,2,2,0.09,1,9,5,6,0.19,3,,,,,,,,,,,,,,,,,,,,,,,,,,,,,,,,,,,,,,,,,,,,,,,,,,,4109,谷津 幸宏,88期,埼玉,埼玉,45,A1,,0,0,0.13,5.71,40.6,56.1,5.87,47.8,56.5,0,24,33.3,61.1,0,51,11.1,22.2,12,1,1,1,0.09,1,11,5,5,0.14,3,4,3,3,0.1,4,12,4,4,0.12,2,,,,,,,,,,,,,,,,,,,,,,,,,,,,,,,,,,,,,,,,,,,,,,,,,,,3350,藤本 佳史,62期,山口,山口,57,A2,,0,0,0.15,5.34,35.2,50.7,5.39,38.7,54.8,0,56,50.0,75.0,0,32,62.5,81.2,11,3,5,5,0.22,3,7,2,2,0.2,3,4,4,4,0.16,3,11,1,1,0.1,1,,,,,,,,,,,,,,,,,,,,,,,,,,,,,,,,,,,,,,,,,,,,,,,,,,,5360,高木 茉白,134期,埼玉,埼玉,19,B1,,0,0,0.18,2.6,6.3,14.2,3.11,11.1,11.1,0,11,29.4,52.9,0,61,63.6,72.7,,5,6,6,0.05,5,9,2,2,0.19,4,4,5,5,0.22,5,,,,,,,,,,,,,,,,,,,,,,,,,,,,,,,,,,,,,,,,,,,,,,,,,,,,,,,,5292,佐藤 右京,132期,東京,宮城,24,B1,,0,0,0.19,3.53,13.2,27.7,1.13,0.0,0.0,0,12,9.5,19.0,0,41,21.0,36.8,,5,4,4,0.07,6,10,2,2,0.01,5,4,6,6,0.3,6,,,,,,,,,,,,,,,,,,,,,,,,,,,,,,,,,,,,,,,,,,,,,,,,,,,,,,,
202601160905,2026-01-16,09,05R,4828,松山 将吾,114期,滋賀,京都,31,A1,,0,0,0.13,6.26,39.8,66.0,0.0,0.0,0.0,0,36,14.2,21.4,0,49,47.6,52.3,9,3,2,2,0.23,2,12,6,6,0.12,6,5,1,1,0.12,1,9,3,3,0.15,4,,,,,,,,,,,,,,,,,,,,,,,,,,,,,,,,,,,,,,,,,,,,,,,,,,,4744,伊藤 玲奈,111期,福岡,福岡,33,B1,,0,0,0.22,4.71,21.4,48.2,4.47,6.6,46.6,0,68,25.0,33.3,0,56,45.0,65.0,10,,,,,,7,1,1,0.24,1,5,2,2,0.14,5,10,4,4,0.15,3,,,,,,,,,,,,,,,,,,,,,,,,,,,,,,,,,,,,,,,,,,,,,,,,,,,3392,小森 信雄,64期,三重,三重,60,B1,,0,0,0.18,4.5,23.6,37.5,4.24,20.0,38.0,0,72,25.0,31.2,0,13,29.4,58.8,,2,1,1,0.22,3,7,4,5,0.27,4,5,3,3,0.12,2,,,,,,,,,,,,,,,,,,,,,,,,,,,,,,,,,,,,,,,,,,,,,,,,,,,,,,,,4429,豊田 泰洋,100期,広島,広島,40,B1,,0,0,0.17,3.95,15.8,33.6,0.0,0.0,0.0,0,33,29.4,41.1,0,39,27.7,44.4,,2,2,2,0.21,2,8,6,6,0.24,6,5,4,4,0.15,3,,,,,,,,,,,,,,,,,,,,,,,,,,,,,,,,,,,,,,,,,,,,,,,,,,,,,,,,4889,後藤 盛也,117期,東京,神奈川,37,B1,,0,0,0.15,4.45,28.9,37.6,5.43,42.8,57.1,0,27,40.0,46.6,0,48,52.3,71.4,11,3,1,1,0.13,1,,,,,,5,5,5,0.06,6,11,4,4,0.12,5,,,,,,,,,,,,,,,,,,,,,,,,,,,,,,,,,,,,,,,,,,,,,,,,,,,5106,山崎 祥,125期,山口,山口,26,B1,,0,0,0.19,5.57,35.1,57.1,5.7,39.1,60.8,0,55,25.0,25.0,0,44,50.0,50.0,,1,2,2,0.22,5,10,5,5,0.12,4,5,6,6,0.09,4,,,,,,,,,,,,,,,,,,,,,,,,,,,,,,,,,,,,,,,,,,,,,,,,,,,,,,,
202601160906,2026-01-16,09,06R,4442,松竹 大輔,100期,愛知,愛知,39,B1,,0,0,0.15,4.15,17.8,39.2,6.09,45.4,59.0,0,57,0.0,14.2,0,21,0.0,18.1,,1,3,3,0.12,2,6,4,4,0.11,4,6,1,1,0.16,1,,,,,,,,,,,,,,,,,,,,,,,,,,,,,,,,,,,,,,,,,,,,,,,,,,,,,,,,4082,濱崎 誠,87期,大阪,大阪,46,B1,,0,0,0.15,4.78,27.9,44.1,4.73,26.6,46.6,0,59,20.8,54.1,0,50,15.3,46.1,,7,6,6,0.28,5,11,3,3,0.12,4,6,2,2,0.14,5,,,,,,,,,,,,,,,,,,,,,,,,,,,,,,,,,,,,,,,,,,,,,,,,,,,,,,,,4523,中村 辰也,103期,長崎,長崎,37,A2,,0,0,0.14,5.49,38.7,56.9,6.08,45.9,67.5,0,38,60.0,92.0,0,36,0.0,0.0,12,,,,,,10,1,1,0.14,1,6,3,3,0.2,3,12,6,5,0.14,5,,,,,,,,,,,,,,,,,,,,,,,,,,,,,,,,,,,,,,,,,,,,,,,,,,,5045,平川 香織,122期,埼玉,東京,25,A2,,0,0,0.22,5.85,40.8,61.6,5.9,38.7,58.0,0,40,12.5,43.7,0,25,33.3,33.3,10,,,,,,11,2,2,0.22,5,6,4,4,0.23,2,10,3,3,0.14,2,,,,,,,,,,,,,,,,,,,,,,,,,,,,,,,,,,,,,,,,,,,,,,,,,,,5427,港 理樹,137期,東京,東京,23,B2,,0,0,0.0,2.32,2.9,8.8,0.0,0.0,0.0,0,50,35.7,50.0,0,20,40.0,50.0,1,2,6,6,0.27,4,,,,,,1,6,6,0.31,4,6,6,5,0.3,6,,,,,,,,,,,,,,,,,,,,,,,,,,,,,,,,,,,,,,,,,,,,,,,,,,,4824,松井 洪弥,114期,三重,三重,32,A1,,0,0,0.12,6.64,51.8,64.5,6.26,44.7,60.4,0,64,61.5,76.9,0,30,40.0,60.0,11,5,1,1,0.12,1,12,5,5,0.05,4,6,5,6,0.18,4,11,2,2,0.12,2,,,,,,,,,,,,,,,,,,,,,,,,,,,,,,,,,,,,,,,,,,,,,,,,,,
202601160907,2026-01-16,09,07R,4023,柴田 友和,85期,福岡,福岡,48,B1,,0,0,0.18,4.31,22.9,35.1,3.09,9.0,27.2,0,21,41.1,52.9,0,47,29.4,35.2,3,5,3,3,0.08,3,,,,,,3,5,5,0.25,5,7,1,1,0.25,4,,,,,,,,,,,,,,,,,,,,,,,,,,,,,,,,,,,,,,,,,,,,,,,,,,,4674,池田 剛規,109期,福岡,福岡,38,A2,,0,0,0.15,5.6,34.7,57.0,6.7,60.0,80.0,0,62,50.0,55.5,0,52,26.3,68.4,,4,3,3,0.18,6,8,5,5,0.16,5,,,,,,7,2,2,0.21,1,,,,,,,,,,,,,,,,,,,,,,,,,,,,,,,,,,,,,,,,,,,,,,,,,,,4000,松本 博昭,84期,広島,広島,48,A2,,0,0,0.17,5.8,38.7,58.8,5.32,31.8,50.0,0,70,18.7,43.7,0,24,30.7,46.1,11,,,,,,9,1,1,0.19,1,7,3,3,0.23,3,11,6,6,0.16,6,,,,,,,,,,,,,,,,,,,,,,,,,,,,,,,,,,,,,,,,,,,,,,,,,,,3807,岡部 哲,77期,埼玉,埼玉,51,B1,,0,0,0.18,4.1,20.6,36.7,5.33,38.1,47.6,0,26,47.3,63.1,0,31,20.0,53.3,2,5,2,2,0.15,4,,,,,,2,5,5,0.15,2,7,4,4,0.2,6,,,,,,,,,,,,,,,,,,,,,,,,,,,,,,,,,,,,,,,,,,,,,,,,,,,4218,吉川 喜継,92期,滋賀,滋賀,44,A1,,0,0,0.15,7.02,58.6,76.6,6.34,43.9,68.2,0,37,52.0,68.0,0,18,55.5,77.7,12,7,3,4,0.22,2,12,2,2,0.04,1,7,5,5,0.24,2,12,1,1,0.18,1,,,,,,,,,,,,,,,,,,,,,,,,,,,,,,,,,,,,,,,,,,,,,,,,,,,4152,深水 慎一郎,90期,東京,神奈川,45,B1,,0,0,0.17,5.61,41.1,56.4,7.5,75.0,75.0,0,52,52.9,64.7,0,12,6.2,6.2,1,4,1,1,0.1,2,,,,,,1,3,3,0.24,5,7,6,6,0.28,5,,,,,,,,,,,,,,,,,,,,,,,,,,,,,,,,,,,,,,,,,,,,,,,,,,
